date,adm_level,adm_id,PCODE,n_pixels,rfh,rfh_avg,r1h,r1h_avg,r3h,r3h_avg,rfq,r1q,r3q,version
1981-01-01,1,2228,NG023,952.0,2.2016807,1.4741946,,,,,111.2367,,,final
1981-01-11,1,2228,NG023,952.0,1.2857143,1.4584733,,,,,97.32508,,,final
1981-01-21,1,2228,NG023,952.0,2.1302521,2.1438024,5.617647,5.0764704,,,99.81032,105.3707,,final
1981-02-01,1,2228,NG023,952.0,0.91071427,2.3435574,4.3266807,5.945833,,,80.488434,85.207596,,final
1981-02-11,1,2228,NG023,952.0,1.8119748,3.6236343,4.8529415,8.110994,,,78.99192,75.15022,,final
1981-02-21,1,2228,NG023,952.0,3.605042,4.2405114,6.327731,10.207703,,,93.12301,74.4868,,final
1981-03-01,1,2228,NG023,952.0,7.0514708,10.483893,12.468488,18.34804,,,77.832306,74.81779,,final
1981-03-11,1,2228,NG023,952.0,12.856092,14.819853,23.512606,29.544258,,,90.09196,82.53935,,final
1981-03-21,1,2228,NG023,952.0,12.97374,13.104482,32.8813,38.40823,44.826683,53.6924,99.277855,87.26756,84.8946,final
1981-04-01,1,2228,NG023,952.0,9.594538,31.563866,35.42437,59.4882,52.219536,83.782074,39.91519,62.684906,64.449425,final
1981-04-11,1,2228,NG023,952.0,16.134455,34.57822,38.702732,79.24657,67.068275,116.90182,53.399204,51.874794,59.119934,final
1981-04-21,1,2228,NG023,952.0,33.036766,35.06236,58.76576,101.204445,97.97479,149.82037,94.9439,60.040577,66.51243,final
1981-05-01,1,2228,NG023,952.0,71.71534,59.0472,120.88656,128.68777,168.77942,206.52402,119.77938,94.1646,82.15588,final
1981-05-11,1,2228,NG023,952.0,31.352942,52.34923,136.10504,146.45879,198.32037,255.24962,63.388718,93.16399,78.12513,final
1981-05-21,1,2228,NG023,952.0,62.683823,59.221954,165.7521,170.61838,257.39917,310.23105,105.39048,97.229065,83.24027,final
1981-06-01,1,2228,NG023,952.0,43.419117,67.94923,137.45589,179.52042,293.7668,367.69638,66.373726,77.20332,80.16359,final
1981-06-11,1,2228,NG023,952.0,66.02521,56.49009,172.12814,183.66127,346.9359,409.36664,115.50676,93.886856,84.93346,final
1981-06-21,1,2228,NG023,952.0,97.036766,62.237534,206.48108,186.67686,430.99896,458.4997,151.75566,110.332085,94.06672,final
1981-07-01,1,2228,NG023,952.0,65.132355,65.15301,228.19434,183.88063,486.53677,492.08884,99.97056,123.46122,98.88309,final
1981-07-11,1,2228,NG023,952.0,67.05567,67.22136,229.2248,194.61191,537.458,524.732,99.770584,117.34009,102.40235,final
1981-07-21,1,2228,NG023,952.0,75.31408,73.7999,207.5021,206.17427,579.7353,563.4695,101.921555,100.628784,102.861336,final
1981-08-01,1,2228,NG023,952.0,53.30357,65.67948,195.67332,206.70074,561.32355,570.1018,82.49009,94.79104,98.47362,final
1981-08-11,1,2228,NG023,952.0,88.02416,74.19377,216.64182,213.67314,617.99475,591.94635,117.464,101.35758,104.36361,final
1981-08-21,1,2228,NG023,952.0,74.04832,95.11628,215.37604,234.98953,629.35925,627.84064,78.95651,91.827354,100.23997,final
1981-09-01,1,2228,NG023,952.0,101.72374,73.10963,263.7962,242.41968,687.6639,633.00104,136.63327,108.639786,108.56783,final
1981-09-11,1,2228,NG023,952.0,61.02626,79.24685,236.79832,247.47276,682.6649,655.7578,78.372375,95.77205,104.07215,final
1981-09-21,1,2228,NG023,952.0,94.989494,81.02357,257.7395,233.38004,680.6176,674.5438,116.23501,110.21875,100.89381,final
1981-10-01,1,2228,NG023,952.0,53.52626,52.183228,209.542,212.45364,669.01154,661.57404,102.34865,98.661026,101.115776,final
1981-10-11,1,2228,NG023,952.0,33.733192,54.911522,182.24893,188.11832,635.6891,649.2642,64.65066,96.96073,97.92513,final
1981-10-21,1,2228,NG023,952.0,66.882355,57.309803,154.14182,164.40456,627.2573,632.7741,115.36284,93.94187,99.134995,final
1981-11-01,1,2228,NG023,952.0,8.257353,6.925875,108.8729,119.1472,582.21106,574.0205,111.16462,91.7241,101.41455,final
1981-11-11,1,2228,NG023,952.0,0.92436975,1.8646709,76.06408,66.10035,495.11136,501.6914,86.302315,114.01361,98.70137,final
1981-11-21,1,2228,NG023,952.0,0.48634455,1.1265407,9.668067,9.917087,421.54938,407.7017,89.55044,98.33064,103.35537,final
1981-12-01,1,2228,NG023,952.0,1.3792017,2.5570378,2.789916,5.5482492,321.20486,337.1491,84.414055,73.85032,95.33997,final
1981-12-11,1,2228,NG023,952.0,1.0367647,1.8338585,2.9023108,5.517437,261.21536,259.7361,88.33611,75.13533,100.55876,final
1981-12-21,1,2228,NG023,952.0,1.3907562,1.8489146,3.8067226,6.239811,167.6166,180.56145,93.31049,78.35294,93.02395,final
1982-01-01,1,2228,NG023,952.0,1.75,1.4741946,4.1775208,5.2865195,115.84034,128.31317,104.26008,89.21891,90.64396,final
1982-01-11,1,2228,NG023,952.0,1.7268908,1.4584733,4.867647,4.8163867,83.83404,75.55266,104.15605,100.52219,110.2807,final
1982-01-21,1,2228,NG023,952.0,5.3413863,2.1438024,8.818277,5.0764704,22.293068,21.09545,144.76025,137.1341,104.58938,final
1982-02-01,1,2228,NG023,952.0,2.5315125,2.3435574,9.59979,5.945833,16.567226,16.871464,102.55945,133.38217,98.60898,final
1982-02-11,1,2228,NG023,952.0,3.7804623,3.6236343,11.653361,8.110994,19.423317,18.645973,101.81859,127.018295,103.28742,final
1982-02-21,1,2228,NG023,952.0,16.507353,4.2405114,22.819328,10.207703,35.44433,21.755041,232.75067,182.9292,151.16525,final
1982-03-01,1,2228,NG023,952.0,8.235294,10.483893,28.52311,18.34804,42.30042,29.58039,85.47781,143.57997,136.78394,final
1982-03-11,1,2228,NG023,952.0,19.95063,14.819853,44.693275,29.544258,61.214283,42.471638,125.88706,143.85394,139.48177,final
1982-03-21,1,2228,NG023,952.0,28.633404,13.104482,56.81933,38.40823,88.45693,53.6924,185.77393,142.41385,159.23174,final
1982-04-01,1,2228,NG023,952.0,26.27311,31.563866,74.85715,59.4882,112.98004,83.782074,85.5301,123.83218,132.88724,final
1982-04-11,1,2228,NG023,952.0,39.085083,34.57822,93.99159,79.24657,150.33823,116.90182,111.38723,117.50223,127.42897,final
1982-04-21,1,2228,NG023,952.0,37.12815,35.06236,102.48634,101.204445,182.125,149.82037,105.15645,101.20701,120.86588,final
1982-05-01,1,2228,NG023,952.0,49.54517,59.0472,125.75841,128.68777,229.13864,206.52402,85.16403,97.8088,110.691284,final
1982-05-11,1,2228,NG023,952.0,29.814075,52.34923,116.4874,146.45879,255.17226,255.24962,60.705395,80.21152,99.97026,final
1982-05-21,1,2228,NG023,952.0,86.809875,59.221954,166.16913,170.61838,325.4748,310.23105,142.95715,97.46652,104.83574,final
1982-06-01,1,2228,NG023,952.0,68.617645,67.94923,185.2416,179.52042,385.85715,367.69638,100.916275,103.10056,104.8728,final
1982-06-11,1,2228,NG023,952.0,25.767857,56.49009,181.19537,183.66127,391.67438,409.36664,50.037098,98.69295,95.730286,final
1982-06-21,1,2228,NG023,952.0,45.910713,62.237534,140.2962,186.67686,408.95166,458.4997,75.7177,75.80268,89.31002,final
1982-07-01,1,2228,NG023,952.0,67.73004,65.15301,139.40862,183.88063,450.4086,492.08884,103.67345,76.45496,91.615135,final
1982-07-11,1,2228,NG023,952.0,56.22374,67.22136,169.8645,194.61191,467.54724,524.732,84.77234,87.60224,89.20496,final
1982-07-21,1,2228,NG023,952.0,43.03046,73.7999,166.98424,206.17427,473.4496,563.4695,60.952442,81.44185,84.16452,final
1982-08-01,1,2228,NG023,952.0,25.363445,65.67948,124.617645,206.70074,449.26785,570.1018,42.95935,61.226826,78.98912,final
1982-08-11,1,2228,NG023,952.0,31.44958,74.19377,99.84348,213.67314,450.90335,591.94635,46.025814,47.945293,76.37258,final
1982-08-21,1,2228,NG023,952.0,59.261555,95.11628,116.074585,234.98953,423.35504,627.84064,64.18691,50.449944,67.68767,final
1982-09-01,1,2228,NG023,952.0,69.70378,73.10963,160.41492,242.41968,424.44116,633.00104,95.639656,66.85601,67.31042,final
1982-09-11,1,2228,NG023,952.0,61.888657,79.24685,190.85399,247.47276,460.562,655.7578,79.396034,77.57431,70.4588,final
1982-09-21,1,2228,NG023,952.0,56.714287,81.02357,188.30673,233.38004,471.3656,674.5438,71.74114,81.09183,70.10079,final
1982-10-01,1,2228,NG023,952.0,74.41071,52.183228,193.01366,212.45364,478.0462,661.57404,138.87064,91.060165,72.467,final
1982-10-11,1,2228,NG023,952.0,45.8729,54.911522,176.9979,188.11832,467.69537,649.2642,84.913376,94.24165,72.24839,final
1982-10-21,1,2228,NG023,952.0,45.28046,57.309803,165.56407,164.40456,469.94537,632.7741,80.6943,100.68446,74.469215,final
1982-11-01,1,2228,NG023,952.0,3.9894958,6.925875,95.14285,119.1472,448.5714,574.0205,75.37808,80.664604,78.33425,final
1982-11-11,1,2228,NG023,952.0,1.992647,1.8646709,51.2626,66.10035,419.11447,501.6914,101.86428,79.131256,83.70272,final
1982-11-21,1,2228,NG023,952.0,0.6344538,1.1265407,6.6165967,9.917087,360.4874,407.7017,91.96795,77.87443,88.55971,final
1982-12-01,1,2228,NG023,952.0,1.7037815,2.5570378,4.3308825,5.5482492,292.48743,337.1491,88.709114,88.45907,86.94672,final
1982-12-11,1,2228,NG023,952.0,1.2415966,1.8338585,3.579832,5.517437,231.84033,259.7361,91.33342,81.57721,89.4628,final
1982-12-21,1,2228,NG023,952.0,1.6659664,1.8489146,4.6113443,6.239811,176.79202,180.56145,97.3288,85.51162,97.968636,final
1983-01-01,1,2228,NG023,952.0,1.0619748,1.4741946,3.9695377,5.2865195,103.443275,128.31317,93.63287,87.19701,81.34476,final
1983-01-11,1,2228,NG023,952.0,0.9842437,1.4584733,3.7121847,4.8163867,58.554615,75.55266,92.65726,88.75144,78.898224,final
1983-01-21,1,2228,NG023,952.0,1.2647059,2.1438024,3.3109243,5.0764704,14.538864,21.09545,87.69427,82.47853,74.8746,final
1983-02-01,1,2228,NG023,952.0,1.769958,2.3435574,4.0189075,5.945833,12.319328,16.871464,92.18908,82.395805,79.186874,final
1983-02-11,1,2228,NG023,952.0,2.9936974,3.6236343,6.0283613,8.110994,13.320378,18.645973,92.69522,84.11537,77.47779,final
1983-02-21,1,2228,NG023,952.0,2.4905462,4.2405114,7.254202,10.207703,15.17647,21.755041,81.062035,80.57892,75.41184,final
1983-03-01,1,2228,NG023,952.0,2.9558823,10.483893,8.440125,18.34804,16.428572,29.58039,51.381664,57.56426,61.967407,final
1983-03-11,1,2228,NG023,952.0,4.0934873,14.819853,9.539915,29.544258,19.280462,42.471638,45.8807,42.090683,51.1473,final
1983-03-21,1,2228,NG023,952.0,18.557774,13.104482,25.607143,38.40823,36.172268,53.6924,130.12123,70.51,70.14923,final
1983-04-01,1,2228,NG023,952.0,34.641808,31.563866,57.293068,59.4882,69.752106,83.782074,108.417984,96.59606,84.197296,final
1983-04-11,1,2228,NG023,952.0,9.463235,34.57822,62.662815,79.24657,78.231094,116.90182,36.54342,80.315216,68.27715,final
1983-04-21,1,2228,NG023,952.0,14.108193,35.06236,58.213234,101.204445,91.07458,149.82037,47.696125,59.52033,62.05551,final
1983-05-01,1,2228,NG023,952.0,49.92752,59.0472,73.49895,128.68777,139.23215,206.52402,85.76101,58.71812,68.187126,final
1983-05-11,1,2228,NG023,952.0,58.138657,52.34923,122.17437,146.45879,194.37709,255.24962,110.09504,83.966324,76.60994,final
1983-05-21,1,2228,NG023,952.0,63.141808,59.221954,171.20798,170.61838,255.02835,310.23105,106.1036,100.33573,82.48818,final
1983-06-01,1,2228,NG023,952.0,76.66807,67.94923,197.94853,179.52042,328.74054,367.69638,111.951935,109.98703,89.54757,final
1983-06-11,1,2228,NG023,952.0,70.21008,56.49009,210.01996,183.66127,394.85715,409.36664,122.31253,113.971436,96.4984,final
1983-06-21,1,2228,NG023,952.0,30.309874,62.237534,177.18802,186.67686,406.60925,458.4997,52.515125,95.04956,88.80464,final
1983-07-01,1,2228,NG023,952.0,50.19958,65.15301,150.71954,183.88063,422.16702,492.08884,78.684555,82.44336,85.93374,final
1983-07-11,1,2228,NG023,952.0,63.044117,67.22136,143.55357,194.61191,475.74792,524.732,94.21605,74.421196,90.75305,final
1983-07-21,1,2228,NG023,952.0,21.336134,73.7999,134.57983,206.17427,482.97583,563.4695,33.421535,66.09699,85.84029,final
1983-08-01,1,2228,NG023,952.0,62.490547,65.67948,146.87079,206.70074,495.53888,570.1018,95.488174,71.73843,87.03483,final
1983-08-11,1,2228,NG023,952.0,17.594538,74.19377,101.42122,213.67314,454.99475,591.94635,28.530703,48.666798,77.05797,final
1983-08-21,1,2228,NG023,952.0,66.21744,95.11628,146.30252,234.98953,458.07037,627.84064,71.13472,63.045467,73.173294,final
1983-09-01,1,2228,NG023,952.0,53.885506,73.10963,137.69748,242.41968,435.2878,633.00104,75.38828,57.674263,69.01051,final
1983-09-11,1,2228,NG023,952.0,51.22794,79.24685,171.33089,247.47276,416.30566,655.7578,66.74189,69.841545,63.760983,final
1983-09-21,1,2228,NG023,952.0,71.82878,81.02357,176.94223,233.38004,457.8246,674.5438,89.31132,76.32444,68.10813,final
1983-10-01,1,2228,NG023,952.0,15.637605,52.183228,138.69432,212.45364,423.2626,661.57404,36.09031,66.08044,64.248314,final
1983-10-11,1,2228,NG023,952.0,23.005253,54.911522,110.471634,188.11832,383.22372,649.2642,46.744354,59.793205,59.337456,final
1983-10-21,1,2228,NG023,952.0,6.9033613,57.309803,45.54622,164.40456,368.79095,632.7741,19.103514,29.837578,58.608673,final
1983-11-01,1,2228,NG023,952.0,2.747899,6.925875,32.656513,119.1472,309.0483,574.0205,64.96713,30.332148,54.237854,final
1983-11-11,1,2228,NG023,952.0,4.602941,1.8646709,14.254202,66.10035,296.0567,501.6914,139.88933,27.080318,59.416187,final
1983-11-21,1,2228,NG023,952.0,1.0178572,1.1265407,8.368697,9.917087,230.85713,407.7017,98.22602,89.62003,57.14954,final
1983-12-01,1,2228,NG023,952.0,4.404412,2.5570378,10.025209,5.5482492,181.37604,337.1491,124.44574,142.44267,54.472168,final
1983-12-11,1,2228,NG023,952.0,3.6817226,1.8338585,9.1039915,5.517437,133.82983,259.7361,127.03984,134.10103,52.440834,final
1983-12-21,1,2228,NG023,952.0,2.427521,1.8489146,10.513655,6.239811,64.428566,180.56145,108.44815,138.02417,37.4154,final
1984-01-01,1,2228,NG023,952.0,1.0745798,1.4741946,7.183823,5.2865195,49.865543,128.31317,93.827576,118.44455,41.15538,final
1984-01-11,1,2228,NG023,952.0,1.0063025,1.4584733,4.5084033,4.8163867,27.866596,75.55266,92.998795,96.862564,40.80138,final
1984-01-21,1,2228,NG023,952.0,1.2079831,2.1438024,3.2888656,5.0764704,22.171217,21.09545,86.90026,82.25962,104.12244,final
1984-02-01,1,2228,NG023,952.0,1.2531513,2.3435574,3.4674368,5.945833,20.676468,16.871464,85.15153,77.35763,117.39712,final
1984-02-11,1,2228,NG023,952.0,1.9170169,3.6236343,4.3781514,8.110994,17.990547,18.645973,80.21,71.52891,97.22817,final
1984-02-21,1,2228,NG023,952.0,1.8151261,4.2405114,4.9852943,10.207703,18.787815,21.755041,73.75269,65.659454,88.90965,final
1984-03-01,1,2228,NG023,952.0,11.1029415,10.483893,14.835085,18.34804,25.486343,29.58039,103.99802,84.953964,88.16078,final
1984-03-11,1,2228,NG023,952.0,12.289916,14.819853,25.207985,29.544258,34.09454,42.471638,87.235344,87.4472,82.35347,final
1984-03-21,1,2228,NG023,952.0,16.292017,13.104482,39.684875,38.40823,47.959038,53.6924,117.60634,102.941025,90.23151,final
1984-04-01,1,2228,NG023,952.0,25.058823,31.563866,53.640755,59.4882,71.943275,83.782074,82.20909,90.93253,86.66533,final
1984-04-11,1,2228,NG023,952.0,40.45378,34.57822,81.80462,79.24657,111.390755,116.90182,114.84544,103.03639,95.479095,final
1984-04-21,1,2228,NG023,952.0,29.008404,35.06236,94.52101,101.204445,139.19118,149.82037,84.88867,93.707016,93.1345,final
1984-05-01,1,2228,NG023,952.0,73.05357,59.0472,142.51576,128.68777,210.9916,206.52402,121.868835,110.34349,102.11209,final
1984-05-11,1,2228,NG023,952.0,40.609245,52.34923,142.67123,146.45879,249.68384,255.24962,79.52896,97.49929,97.86136,final
1984-05-21,1,2228,NG023,952.0,65.61555,59.221954,179.27837,170.61838,313.48425,310.23105,109.95547,104.93114,101.032005,final
1984-06-01,1,2228,NG023,952.0,74.75,67.94923,180.9748,179.52042,377.1313,367.69638,109.32261,100.788185,102.531525,final
1984-06-11,1,2228,NG023,952.0,72.788864,56.49009,213.1544,183.66127,437.63025,409.36664,126.50634,115.63286,106.820915,final
1984-06-21,1,2228,NG023,952.0,53.232143,62.237534,200.77101,186.67686,474.5704,458.4997,86.606606,107.35308,103.46725,final
1984-07-01,1,2228,NG023,952.0,57.636555,65.15301,183.65756,183.88063,507.14813,492.08884,89.28563,99.8819,103.0295,final
1984-07-11,1,2228,NG023,952.0,87.420166,67.22136,198.28886,194.61191,554.1145,524.732,127.96792,101.84206,105.54668,final
1984-07-21,1,2228,NG023,952.0,101.27416,73.7999,246.33087,206.17427,626.38025,563.4695,134.86588,119.01586,111.06669,final
1984-08-01,1,2228,NG023,952.0,85.09979,65.67948,273.79413,206.70074,638.42645,570.1018,127.476585,131.69257,111.88045,final
1984-08-11,1,2228,NG023,952.0,85.79832,74.19377,272.17227,213.67314,683.61554,591.94635,114.65336,126.75186,115.35635,final
1984-08-21,1,2228,NG023,952.0,81.55042,95.11628,252.44852,234.98953,699.5504,627.84064,86.4499,107.27489,111.33141,final
1984-09-01,1,2228,NG023,952.0,62.64706,73.10963,229.9958,242.41968,687.44745,633.00104,86.605286,94.97862,108.533905,final
1984-09-11,1,2228,NG023,952.0,79.0084,79.24685,223.20587,247.47276,693.667,655.7578,99.716965,90.38831,105.737236,final
1984-09-21,1,2228,NG023,952.0,108.64181,81.02357,250.29727,233.38004,749.07666,674.5438,132.10544,107.096756,110.96806,final
1984-10-01,1,2228,NG023,952.0,48.65546,52.183228,236.30566,212.45364,740.0956,661.57404,93.830765,110.96878,111.77987,final
1984-10-11,1,2228,NG023,952.0,47.57563,54.911522,204.8729,188.11832,700.25104,649.2642,87.75546,108.67581,107.793,final
1984-10-21,1,2228,NG023,952.0,43.516808,57.309803,139.7479,164.40456,642.49365,632.7741,77.863846,85.4451,101.52399,final
1984-11-01,1,2228,NG023,952.0,2.4054623,6.925875,93.4979,119.1472,559.7994,574.0205,62.095757,79.33961,97.54393,final
1984-11-11,1,2228,NG023,952.0,3.0388656,1.8646709,48.961136,66.10035,477.03992,501.6914,117.1049,75.89433,95.13481,final
1984-11-21,1,2228,NG023,952.0,0.6964286,1.1265407,6.1407566,9.917087,396.18594,407.7017,92.97953,74.68454,97.20967,final
1984-12-01,1,2228,NG023,952.0,1.5168067,2.5570378,5.252101,5.5482492,335.0557,337.1491,86.23493,97.192444,99.38816,final
1984-12-11,1,2228,NG023,952.0,1.1460084,1.8338585,3.3592439,5.517437,257.19327,259.7361,89.93468,79.47986,99.039474,final
1984-12-21,1,2228,NG023,952.0,1.9863446,1.8489146,4.6491594,6.239811,150.5378,180.56145,102.00659,85.84806,83.82011,final
1985-01-01,1,2228,NG023,952.0,1.507353,1.4741946,4.6397057,5.2865195,103.38971,128.31317,100.51216,93.71202,81.30457,final
1985-01-11,1,2228,NG023,952.0,2.2310925,1.4584733,5.72479,4.8163867,58.045174,75.55266,111.962875,109.253944,78.26579,final
1985-01-21,1,2228,NG023,952.0,1.7615546,2.1438024,5.5,5.0764704,16.289915,21.09545,94.64924,104.203156,81.58478,final
1985-02-01,1,2228,NG023,952.0,1.4936975,2.3435574,5.486345,5.945833,15.378151,16.871464,88.42714,95.80216,93.172325,final
1985-02-11,1,2228,NG023,952.0,1.6617647,3.6236343,4.917017,8.110994,14.001051,18.645973,77.250084,75.63894,80.35639,final
1985-02-21,1,2228,NG023,952.0,1.9044118,4.2405114,5.059874,10.207703,15.209034,21.755041,74.71894,66.14986,75.533554,final
1985-03-01,1,2228,NG023,952.0,14.194327,10.483893,17.760504,18.34804,27.886555,29.58039,123.96319,97.483574,95.101746,final
1985-03-11,1,2228,NG023,952.0,32.831932,14.819853,48.93067,29.544258,59.57248,42.471638,190.87898,156.12051,136.02328,final
1985-03-21,1,2228,NG023,952.0,33.60189,13.104482,80.62815,38.40823,91.18802,53.6924,213.21733,197.26248,163.88496,final
1985-04-01,1,2228,NG023,952.0,34.793068,31.563866,101.22689,59.4882,124.47374,83.782074,108.83168,164.72298,145.83319,final
1985-04-11,1,2228,NG023,952.0,23.332983,34.57822,91.72794,79.24657,145.57562,116.90182,71.58731,114.81529,123.52204,final
1985-04-21,1,2228,NG023,952.0,12.068277,35.06236,70.19433,101.204445,155.88235,149.82037,42.604275,70.80149,103.91549,final
1985-05-01,1,2228,NG023,952.0,44.959034,59.0472,80.36029,128.68777,199.34769,206.52402,78.00346,63.850487,96.60732,final
1985-05-11,1,2228,NG023,952.0,74.69643,52.34923,131.72374,146.45879,272.38235,255.24962,138.96686,90.271255,106.58319,final
1985-05-21,1,2228,NG023,952.0,49.17437,59.221954,168.82983,170.61838,319.6523,310.23105,84.354904,98.98157,102.988686,final
1985-06-01,1,2228,NG023,952.0,59.92332,67.94923,183.79411,179.52042,365.38132,367.69638,88.99796,102.31611,99.37884,final
1985-06-11,1,2228,NG023,952.0,80.614494,56.49009,189.71219,183.66127,413.16385,409.36664,139.23299,103.20729,100.91638,final
1985-06-21,1,2228,NG023,952.0,72.10399,62.237534,212.6418,186.67686,451.66595,458.4997,114.674034,113.5462,98.52562,final
1985-07-01,1,2228,NG023,952.0,46.712185,65.15301,199.43066,183.88063,463.58505,492.08884,73.713425,108.232735,94.265854,final
1985-07-11,1,2228,NG023,952.0,57.742645,67.22136,176.55882,194.61191,497.99475,524.732,86.875465,90.95591,94.95268,final
1985-07-21,1,2228,NG023,952.0,102.82248,73.7999,207.27731,206.17427,588.7489,563.4695,136.83073,100.52234,104.44692,final
1985-08-01,1,2228,NG023,952.0,65.24475,65.67948,225.80988,206.70074,609.03467,570.1018,99.384926,109.02648,106.76973,final
1985-08-11,1,2228,NG023,952.0,88.98529,74.19377,257.05252,213.67314,623.32355,591.94635,118.67763,119.83755,105.25629,final
1985-08-21,1,2228,NG023,952.0,70.05042,95.11628,224.28046,234.98953,644.1996,627.84064,74.96326,95.53769,102.58501,final
1985-09-01,1,2228,NG023,952.0,91.73634,73.10963,250.77205,242.41968,676.0126,633.00104,123.846886,103.37579,106.74161,final
1985-09-11,1,2228,NG023,952.0,109.96534,79.24685,271.7521,247.47276,705.3634,655.7578,136.46248,109.616615,107.507385,final
1985-09-21,1,2228,NG023,952.0,67.14496,81.02357,268.84665,233.38004,700.4044,674.5438,83.86651,114.878174,103.80558,final
1985-10-01,1,2228,NG023,952.0,35.561974,52.183228,212.67227,212.45364,689.25415,661.57404,70.93334,100.10054,104.152596,final
1985-10-11,1,2228,NG023,952.0,40.111343,54.911522,142.81827,188.11832,671.62286,649.2642,75.29661,76.542854,103.41737,final
1985-10-21,1,2228,NG023,952.0,31.771008,57.309803,107.44432,164.40456,600.57135,632.7741,59.0132,66.376205,94.95076,final
1985-11-01,1,2228,NG023,952.0,6.0136557,6.925875,77.89601,119.1472,541.34033,574.0205,92.35092,66.772354,94.35595,final
1985-11-11,1,2228,NG023,952.0,2.7195377,1.8646709,40.504204,66.10035,455.07455,501.6914,112.45314,63.999973,90.79975,final
1985-11-21,1,2228,NG023,952.0,1.4516807,1.1265407,10.184874,9.917087,386.47583,407.7017,105.307076,101.79517,94.85685,final
1985-12-01,1,2228,NG023,952.0,1.5126051,2.5570378,5.6838236,5.5482492,296.2521,337.1491,86.17934,101.28528,88.04702,final
1985-12-11,1,2228,NG023,952.0,1.4180672,1.8338585,4.382353,5.517437,187.70482,259.7361,93.91571,89.207596,72.79128,final
1985-12-21,1,2228,NG023,952.0,1.3665966,1.8489146,4.297269,6.239811,121.92647,180.56145,92.95775,82.71731,68.40131,final
1986-01-01,1,2228,NG023,952.0,1.9495798,1.4741946,4.7342434,5.2865195,88.31408,128.31317,107.342766,94.631065,69.99614,final
1986-01-11,1,2228,NG023,952.0,1.777311,1.4584733,5.0934873,4.8163867,49.98004,75.55266,104.93673,102.82283,68.25354,final
1986-01-21,1,2228,NG023,952.0,1.7972689,2.1438024,5.5241594,5.0764704,20.006302,21.09545,95.14917,104.44292,95.826294,final
1986-02-01,1,2228,NG023,952.0,4.4065127,2.3435574,7.9810925,5.945833,18.39916,16.871464,128.09206,118.59392,106.984886,final
1986-02-11,1,2228,NG023,952.0,3.945378,3.6236343,10.149159,8.110994,19.625,18.645973,103.73095,115.54546,104.14035,final
1986-02-21,1,2228,NG023,952.0,2.5945377,4.2405114,10.946428,10.207703,20.767857,21.755041,82.18742,104.857574,96.31029,final
1986-03-01,1,2228,NG023,952.0,17.106092,10.483893,23.646008,18.34804,36.361343,29.58039,142.76831,122.69128,119.60924,final
1986-03-11,1,2228,NG023,952.0,7.8665967,14.819853,27.567226,29.544258,42.80987,42.471638,64.91772,94.27682,100.7125,final
1986-03-21,1,2228,NG023,952.0,36.55357,13.104482,61.52626,38.40823,77.99685,53.6924,229.52092,153.25725,141.40988,final
1986-04-01,1,2228,NG023,952.0,20.558823,31.563866,64.97899,59.4882,96.606094,83.782074,69.90186,108.514404,114.444374,final
1986-04-11,1,2228,NG023,952.0,12.732142,34.57822,69.844536,79.24657,107.56092,116.90182,44.80278,88.83987,92.33736,final
1986-04-21,1,2228,NG023,952.0,40.028362,35.06236,73.31933,101.204445,145.792,149.82037,112.39568,73.74393,97.39803,final
1986-05-01,1,2228,NG023,952.0,47.684875,59.0472,100.44538,128.68777,189.07037,206.52402,82.25946,78.87436,91.74863,final
1986-05-11,1,2228,NG023,952.0,52.17647,52.34923,139.88971,146.45879,237.30147,255.24962,99.69876,95.662796,93.10348,final
1986-05-21,1,2228,NG023,952.0,63.058823,59.221954,162.92017,170.61838,297.76575,310.23105,105.97439,95.616516,96.04566,final
1986-06-01,1,2228,NG023,952.0,80.19853,67.94923,195.43382,179.52042,360.85822,367.69638,116.79155,108.6242,98.16522,final
1986-06-11,1,2228,NG023,952.0,40.47794,56.49009,183.73529,183.66127,393.4695,409.36664,73.959785,100.03923,96.16351,final
1986-06-21,1,2228,NG023,952.0,42.52521,62.237534,163.20168,186.67686,399.4412,458.4997,70.68256,87.75273,87.25813,final
1986-07-01,1,2228,NG023,952.0,96.80777,65.15301,179.81091,183.88063,475.69012,492.08884,145.12245,97.84535,96.70105,final
1986-07-11,1,2228,NG023,952.0,34.709034,67.22136,174.042,194.61191,497.66702,524.732,54.982395,89.69505,94.890816,final
1986-07-21,1,2228,NG023,952.0,73.77521,73.7999,205.292,206.17427,531.4139,563.4695,99.96867,99.582214,94.36107,final
1986-08-01,1,2228,NG023,952.0,44.55567,65.67948,153.03992,206.70074,528.28467,570.1018,70.113235,74.65251,92.72874,final
1986-08-11,1,2228,NG023,952.0,21.478992,74.19377,139.80988,213.67314,497.5872,591.94635,33.4357,66.22207,84.19302,final
1986-08-21,1,2228,NG023,952.0,66.46429,95.11628,132.49896,234.98953,500.99268,627.84064,71.38129,57.29373,79.95578,final
1986-09-01,1,2228,NG023,952.0,94.96218,73.10963,182.90546,242.41968,515.7563,633.00104,127.976776,75.946045,81.62311,final
1986-09-11,1,2228,NG023,952.0,57.48109,79.24685,218.90756,247.47276,532.75946,655.7578,74.16431,88.68583,81.38526,final
1986-09-21,1,2228,NG023,952.0,119.530464,81.02357,271.97372,233.38004,609.7647,674.5438,144.7632,116.18998,90.46726,final
1986-10-01,1,2228,NG023,952.0,50.27206,52.183228,227.28362,212.45364,563.22894,661.57404,96.65782,106.81983,85.246185,final
1986-10-11,1,2228,NG023,952.0,29.579832,54.911522,199.38235,188.11832,558.0998,649.2642,57.71817,105.83271,86.06612,final
1986-10-21,1,2228,NG023,952.0,41.72584,57.309803,121.57773,164.40456,526.0504,632.7741,74.98955,74.7192,83.26622,final
1986-11-01,1,2228,NG023,952.0,13.657563,6.925875,84.963234,119.1472,495.1523,574.0205,156.44608,72.46497,86.379036,final
1986-11-11,1,2228,NG023,952.0,2.3266807,1.8646709,57.710083,66.10035,476.0,501.6914,106.730255,88.1994,94.92957,final
1986-11-21,1,2228,NG023,952.0,4.177521,1.1265407,20.161764,9.917087,413.71323,407.7017,149.7994,168.67747,101.45663,final
1986-12-01,1,2228,NG023,952.0,1.5294118,2.5570378,8.033613,5.5482492,320.28046,337.1491,86.40173,123.56186,95.06979,final
1986-12-11,1,2228,NG023,952.0,1.117647,1.8338585,6.82458,5.517437,263.91702,259.7361,89.51966,112.428345,101.57927,final
1986-12-21,1,2228,NG023,952.0,1.3686975,1.8489146,4.0157566,6.239811,145.75525,180.56145,92.98842,80.21271,81.24277,final
1987-01-01,1,2228,NG023,952.0,1.0850841,1.4741946,3.5714288,5.2865195,96.568275,128.31317,93.98982,83.326805,76.18773,final
1987-01-11,1,2228,NG023,952.0,1.2815126,1.4584733,3.7352943,4.8163867,68.26995,75.55266,97.260025,88.986855,90.959076,final
1987-01-21,1,2228,NG023,952.0,1.3004202,2.1438024,3.667017,5.0764704,27.84454,21.09545,88.19421,86.01243,125.86309,final
1987-02-01,1,2228,NG023,952.0,4.504202,2.3435574,7.086135,5.945833,18.691175,16.871464,129.42232,110.41768,108.32002,final
1987-02-11,1,2228,NG023,952.0,9.581933,3.6236343,15.386555,8.110994,25.946426,18.645973,169.09267,155.49205,130.87398,final
1987-02-21,1,2228,NG023,952.0,6.4212184,4.2405114,20.507353,10.207703,28.190128,21.755041,123.599434,167.72655,124.05187,final
1987-03-01,1,2228,NG023,952.0,13.237395,10.483893,29.240547,18.34804,39.898113,29.58039,117.78301,146.65277,129.83691,final
1987-03-11,1,2228,NG023,952.0,9.892858,14.819853,29.551472,29.544258,48.67332,42.471638,75.141106,100.02089,113.06398,final
1987-03-21,1,2228,NG023,952.0,24.544117,13.104482,47.67437,38.40823,71.84874,53.6924,163.18677,121.34651,130.93472,final
1987-04-01,1,2228,NG023,952.0,22.582983,31.563866,57.01996,59.4882,93.34664,83.782074,75.43782,96.17256,110.77309,final
1987-04-11,1,2228,NG023,952.0,22.188025,34.57822,69.315125,79.24657,114.25316,116.90182,68.694405,88.21146,97.82722,final
1987-04-21,1,2228,NG023,952.0,4.1995797,35.06236,48.97059,101.204445,117.152306,149.82037,22.96315,50.81764,78.89937,final
1987-05-01,1,2228,NG023,952.0,31.744747,59.0472,58.13235,128.68777,144.39285,206.52402,57.37136,47.22373,70.6269,final
1987-05-11,1,2228,NG023,952.0,54.507355,52.34923,90.45168,146.45879,189.31828,255.24962,103.76313,63.021557,74.666115,final
1987-05-21,1,2228,NG023,952.0,47.653362,59.221954,133.90547,170.61838,230.55043,310.23105,81.98655,79.09506,74.72311,final
1987-06-01,1,2228,NG023,952.0,37.84874,67.94923,140.00946,179.52042,255.16177,367.69638,58.737755,78.58722,69.80529,final
1987-06-11,1,2228,NG023,952.0,56.705883,56.49009,142.208,183.66127,301.9748,409.36664,100.35094,78.02767,74.08289,final
1987-06-21,1,2228,NG023,952.0,63.98109,62.237534,158.53572,186.67686,341.41174,458.4997,102.59314,85.31844,74.73829,final
1987-07-01,1,2228,NG023,952.0,56.640755,65.15301,177.32773,183.88063,375.46954,492.08884,87.866165,96.53066,76.53954,final
1987-07-11,1,2228,NG023,952.0,64.72689,67.22136,185.34872,194.61191,418.0084,524.732,96.54608,95.359406,79.85329,final
1987-07-21,1,2228,NG023,952.0,76.67542,73.7999,198.04306,206.17427,490.48425,563.4695,103.649155,96.14953,87.1611,final
1987-08-01,1,2228,NG023,952.0,120.47269,65.67948,261.875,206.70074,579.21216,570.1018,177.5235,126.06238,101.58412,final
1987-08-11,1,2228,NG023,952.0,70.70693,74.19377,267.85504,213.67314,595.41174,591.94635,95.59708,124.77758,100.58053,final
1987-08-21,1,2228,NG023,952.0,154.2248,95.11628,345.40442,234.98953,701.9832,627.84064,159.03987,146.00821,111.71584,final
1987-09-01,1,2228,NG023,952.0,73.47374,73.10963,298.40546,242.41968,737.6082,633.00104,100.466156,122.62785,116.39608,final
1987-09-11,1,2228,NG023,952.0,61.05357,79.24685,288.7521,247.47276,741.95593,655.7578,78.4048,116.35002,113.04535,final
1987-09-21,1,2228,NG023,952.0,65.21534,81.02357,199.74265,233.38004,743.1902,674.5438,81.623375,85.889175,110.10183,final
1987-10-01,1,2228,NG023,952.0,75.890755,52.183228,202.15967,212.45364,762.4401,661.57404,141.45888,95.26613,115.13201,final
1987-10-11,1,2228,NG023,952.0,56.81933,54.911522,197.92542,188.11832,754.5326,649.2642,103.18438,105.07828,116.089584,final
1987-10-21,1,2228,NG023,952.0,22.393908,57.309803,155.10399,164.40456,700.2511,632.7741,43.96404,94.50985,110.58008,final
1987-11-01,1,2228,NG023,952.0,4.637605,6.925875,83.85084,119.1472,584.41595,574.0205,80.81257,71.56894,101.79535,final
1987-11-11,1,2228,NG023,952.0,0.89495796,1.8646709,27.926472,66.10035,514.604,501.6914,85.87386,46.30986,102.54842,final
1987-11-21,1,2228,NG023,952.0,0.52310926,1.1265407,6.0556726,9.917087,360.9023,407.7017,90.15054,74.11416,88.66024,final
1987-12-01,1,2228,NG023,952.0,3.1344538,2.5570378,4.5525208,5.5482492,290.56305,337.1491,107.64077,90.56025,86.38428,final
1987-12-11,1,2228,NG023,952.0,1.3644958,1.8338585,5.0220585,5.517437,230.87395,259.7361,93.131805,95.28993,89.09776,final
1987-12-21,1,2228,NG023,952.0,1.4863446,1.8489146,5.9852943,6.239811,167.14496,180.56145,94.70617,97.73558,92.76978,final
1988-01-01,1,2228,NG023,952.0,2.4894958,1.4741946,5.340336,5.2865195,93.74369,128.31317,115.68228,100.52317,74.06897,final
1988-01-11,1,2228,NG023,952.0,2.3613446,1.4584733,6.337185,4.8163867,39.28571,75.55266,113.97964,115.49244,54.97734,final
1988-01-21,1,2228,NG023,952.0,4.059874,2.1438024,8.910715,5.0764704,20.951681,21.09545,126.82145,138.05147,99.449066,final
1988-02-01,1,2228,NG023,952.0,5.9852943,2.3435574,12.406513,5.945833,22.29937,16.871464,149.59091,159.02411,124.8173,final
1988-02-11,1,2228,NG023,952.0,2.4054623,3.6236343,12.45063,8.110994,23.809874,18.645973,85.87402,133.09921,121.838394,final
1988-02-21,1,2228,NG023,952.0,2.642857,4.2405114,11.033613,10.207703,25.929623,21.755041,82.710335,105.43086,115.60297,final
1988-03-01,1,2228,NG023,952.0,22.086134,10.483893,27.134453,18.34804,44.8813,29.58039,174.93103,137.63234,144.24736,final
1988-03-11,1,2228,NG023,952.0,14.235294,14.819853,38.964287,29.544258,57.7521,42.471638,97.050644,127.26945,132.18861,final
1988-03-21,1,2228,NG023,952.0,8.614496,13.104482,44.93592,38.40823,64.88026,53.6924,75.1996,115.0379,119.06184,final
1988-04-01,1,2228,NG023,952.0,21.671219,31.563866,44.52101,59.4882,84.06197,83.782074,72.9442,76.7908,100.31526,final
1988-04-11,1,2228,NG023,952.0,45.093487,34.57822,75.3792,79.24657,126.79411,116.90182,126.56831,95.40947,108.11497,final
1988-04-21,1,2228,NG023,952.0,29.665966,35.06236,96.43068,101.204445,152.4002,149.82037,86.530014,95.50512,101.66634,final
1988-05-01,1,2228,NG023,952.0,45.839287,59.0472,120.59874,128.68777,192.25421,206.52402,79.377846,93.9493,93.253815,final
1988-05-11,1,2228,NG023,952.0,44.683823,52.34923,120.18907,146.45879,234.53258,255.24962,86.633804,82.65554,92.03954,final
1988-05-21,1,2228,NG023,952.0,43.511555,59.221954,134.03467,170.61838,275.40125,310.23105,75.53734,79.16863,88.95102,final
1988-06-01,1,2228,NG023,952.0,60.831932,67.94923,149.02731,179.52042,314.14706,367.69638,90.24349,83.4744,85.63192,final
1988-06-11,1,2228,NG023,952.0,80.29307,56.49009,184.63657,183.66127,380.20483,409.36664,138.71027,100.51695,92.96232,final
1988-06-21,1,2228,NG023,952.0,82.30777,62.237534,223.43277,186.67686,453.8981,458.4997,129.84976,119.17597,99.00721,final
1988-07-01,1,2228,NG023,952.0,79.17542,65.15301,241.77625,183.88063,511.40228,492.08884,119.988335,130.65196,103.88531,final
1988-07-11,1,2228,NG023,952.0,74.1124,67.22136,235.59558,194.61191,540.4212,524.732,109.54155,120.53168,102.96173,final
1988-07-21,1,2228,NG023,952.0,106.9874,73.7999,260.2752,206.17427,617.7427,563.4695,142.11618,125.61909,109.54725,final
1988-08-01,1,2228,NG023,952.0,28.4979,65.67948,209.59769,206.70074,600.40125,570.1018,47.394096,101.368416,105.26854,final
1988-08-11,1,2228,NG023,952.0,57.261555,74.19377,192.74684,213.67314,612.979,591.94635,78.61926,90.43033,103.52338,final
1988-08-21,1,2228,NG023,952.0,92.170166,95.11628,177.92963,234.98953,661.6376,627.84064,97.057304,76.224,105.340515,final
1988-09-01,1,2228,NG023,952.0,104.32248,73.10963,253.7542,242.41968,705.1282,633.00104,139.96031,104.58109,111.305176,final
1988-09-11,1,2228,NG023,952.0,65.405464,79.24685,261.8981,247.47276,690.24054,655.7578,83.57044,105.713615,105.21866,final
1988-09-21,1,2228,NG023,952.0,69.344536,81.02357,239.07248,233.38004,677.27734,674.5438,86.423454,102.38796,100.40226,final
1988-10-01,1,2228,NG023,952.0,39.360294,52.183228,174.11029,212.45364,637.4622,661.57404,77.57571,82.36712,96.38273,final
1988-10-11,1,2228,NG023,952.0,17.817226,54.911522,126.522064,188.11832,581.16693,649.2642,38.08487,68.1044,89.591774,final
1988-10-21,1,2228,NG023,952.0,52.663864,57.309803,109.841385,164.40456,526.8435,632.7741,92.54381,67.7912,83.39058,final
1988-11-01,1,2228,NG023,952.0,2.7783613,6.925875,73.25945,119.1472,501.12393,574.0205,65.222565,63.03763,87.41037,final
1988-11-11,1,2228,NG023,952.0,1.0430672,1.8646709,56.485294,66.10035,444.90546,501.6914,88.03142,86.47678,88.79279,final
1988-11-21,1,2228,NG023,952.0,0.9222689,1.1265407,4.7436976,9.917087,353.65756,407.7017,96.66579,65.319046,86.90479,final
1988-12-01,1,2228,NG023,952.0,4.694328,2.5570378,6.659664,5.5482492,254.0294,337.1491,128.28212,110.53649,75.70659,final
1988-12-11,1,2228,NG023,952.0,4.202731,1.8338585,9.819328,5.517437,192.82668,259.7361,134.66376,140.90247,74.72598,final
1988-12-21,1,2228,NG023,952.0,2.5777311,1.8489146,11.47479,6.239811,126.05987,180.56145,110.64135,146.57532,70.62883,final
1989-01-01,1,2228,NG023,952.0,1.0861344,1.4741946,7.8665967,5.2865195,87.78571,128.31317,94.00605,125.08211,69.59981,final
1989-01-11,1,2228,NG023,952.0,0.9695378,1.4584733,4.6334033,4.8163867,70.93802,75.55266,92.42955,98.13594,94.27128,final
1989-01-21,1,2228,NG023,952.0,1.2436975,2.1438024,3.2993698,5.0764704,19.517857,21.09545,87.4002,82.36385,93.95453,final
1989-02-01,1,2228,NG023,952.0,1.3214285,2.3435574,3.534664,5.945833,18.060925,16.871464,86.08128,77.97181,105.43841,final
1989-02-11,1,2228,NG023,952.0,1.4600841,3.6236343,4.02521,8.110994,18.477943,18.645973,74.911385,68.83696,99.28939,final
1989-02-21,1,2228,NG023,952.0,1.8382353,4.2405114,4.619748,10.207703,19.39391,21.755041,74.002785,63.255764,91.175,final
1989-03-01,1,2228,NG023,952.0,5.7647057,10.483893,9.0630245,18.34804,20.464285,29.58039,69.52196,60.232143,73.63793,final
1989-03-11,1,2228,NG023,952.0,9.513656,14.819853,17.116596,29.544258,25.775211,42.471638,73.22787,64.02394,64.82863,final
1989-03-21,1,2228,NG023,952.0,12.303572,13.104482,27.581932,38.40823,35.501053,53.6924,95.57619,75.05934,69.005615,final
1989-04-01,1,2228,NG023,952.0,13.357142,31.563866,35.17437,59.4882,47.77206,83.782074,50.205696,62.297237,59.439995,final
1989-04-11,1,2228,NG023,952.0,45.284664,34.57822,70.94537,79.24657,92.08719,116.90182,127.05135,90.146545,79.64375,final
1989-04-21,1,2228,NG023,952.0,47.241596,35.06236,105.88341,101.204445,138.08508,149.82037,130.40071,104.40562,92.42006,final
1989-05-01,1,2228,NG023,952.0,105.62815,59.0472,198.15442,128.68777,242.39182,206.52402,172.72911,151.96185,116.95684,final
1989-05-11,1,2228,NG023,952.0,29.64916,52.34923,182.5189,146.45879,270.5809,255.24962,60.41783,123.80854,105.89099,final
1989-05-21,1,2228,NG023,952.0,68.90021,59.221954,204.17752,170.61838,337.64285,310.23105,115.07001,119.10913,108.69578,final
1989-06-01,1,2228,NG023,952.0,52.117645,67.94923,150.66702,179.52042,383.9958,367.69638,78.297806,84.36304,104.373375,final
1989-06-11,1,2228,NG023,952.0,51.95483,56.49009,172.97269,183.66127,426.43698,409.36664,92.624405,94.33451,104.11962,final
1989-06-21,1,2228,NG023,952.0,92.40651,62.237534,196.47899,186.67686,506.53992,458.4997,144.86925,105.11388,110.36468,final
1989-07-01,1,2228,NG023,952.0,73.35504,65.15301,217.71638,183.88063,566.53784,492.08884,111.69163,117.91383,114.977005,final
1989-07-11,1,2228,NG023,952.0,71.84244,67.22136,237.60399,194.61191,593.0956,524.732,106.39848,121.53783,112.90531,final
1989-07-21,1,2228,NG023,952.0,90.07563,73.7999,235.2731,206.17427,635.9296,563.4695,120.65451,113.77953,112.74654,final
1989-08-01,1,2228,NG023,952.0,95.920166,65.67948,257.83823,206.70074,626.2217,570.1018,142.78568,124.15555,109.75825,final
1989-08-11,1,2228,NG023,952.0,97.934875,74.19377,283.93066,213.67314,694.5074,591.94635,129.9785,132.12901,117.18095,final
1989-08-21,1,2228,NG023,952.0,92.4937,95.11628,286.34875,234.98953,718.1008,627.84064,97.38046,121.400604,114.2627,final
1989-09-01,1,2228,NG023,952.0,71.3792,73.10963,261.80777,242.41968,737.3624,633.00104,97.78462,107.83611,116.35755,final
1989-09-11,1,2228,NG023,952.0,107.86975,79.24685,271.74265,247.47276,793.27734,655.7578,133.97504,109.61287,120.81239,final
1989-09-21,1,2228,NG023,952.0,57.55042,81.02357,236.79938,233.38004,758.4212,674.5438,72.71312,101.43441,112.34319,final
1989-10-01,1,2228,NG023,952.0,79.20168,52.183228,244.62186,212.45364,764.2678,661.57404,147.24892,114.79314,115.406204,final
1989-10-11,1,2228,NG023,952.0,80.01786,54.911522,216.76996,188.11832,772.4433,649.2642,141.90569,114.83631,118.82712,final
1989-10-21,1,2228,NG023,952.0,20.690126,57.309803,179.90967,164.40456,703.0578,632.7741,41.22967,109.15271,111.02016,final
1989-11-01,1,2228,NG023,952.0,3.5304623,6.925875,104.23845,119.1472,610.6681,574.0205,71.52903,87.99107,106.32924,final
1989-11-11,1,2228,NG023,952.0,0.92436975,1.8646709,25.144958,66.10035,513.6576,501.6914,86.302315,42.397766,102.36163,final
1989-11-21,1,2228,NG023,952.0,1.3844538,1.1265407,5.839286,9.917087,422.54834,407.7017,104.20977,72.66356,103.59743,final
1989-12-01,1,2228,NG023,952.0,1.5430672,2.5570378,3.8518908,5.5482492,352.7122,337.1491,86.58243,83.9181,104.54862,final
1989-12-11,1,2228,NG023,952.0,1.2268908,1.8338585,4.154412,5.517437,246.06932,259.7361,91.118225,87.04032,94.83758,final
1989-12-21,1,2228,NG023,952.0,1.5042017,1.8489146,4.2741594,6.239811,190.0231,180.56145,94.9669,82.5117,105.09894,final
1990-01-01,1,2228,NG023,952.0,1.5997899,1.4741946,4.330882,5.2865195,112.42123,128.31317,101.939926,90.70981,88.07924,final
1990-01-11,1,2228,NG023,952.0,1.1197479,1.4584733,4.2237396,4.8163867,33.52311,75.55266,94.75534,93.96267,47.823513,final
1990-01-21,1,2228,NG023,952.0,2.6207983,2.1438024,5.340336,5.0764704,15.453781,21.09545,106.677055,102.61864,78.380646,final
1990-02-01,1,2228,NG023,952.0,1.9569328,2.3435574,5.6974792,5.945833,13.880252,16.871464,94.73518,97.731064,86.323685,final
1990-02-11,1,2228,NG023,952.0,4.6334033,3.6236343,9.211134,8.110994,17.589285,18.645973,111.70932,108.390976,95.53121,final
1990-02-21,1,2228,NG023,952.0,1.2100841,4.2405114,7.80042,10.207703,17.414917,21.755041,67.20498,84.17063,83.77829,final
1990-03-01,1,2228,NG023,952.0,2.715336,10.483893,8.558824,18.34804,18.587185,29.58039,49.82814,58.072643,68.20972,final
1990-03-11,1,2228,NG023,952.0,2.8109243,14.819853,6.7363443,29.544258,20.171219,42.471638,39.4096,33.974804,53.0237,final
1990-03-21,1,2228,NG023,952.0,2.6081932,13.104482,8.134454,38.40823,21.275208,53.6924,42.023815,30.257982,44.767647,final
1990-04-01,1,2228,NG023,952.0,25.22479,31.563866,30.643908,59.4882,44.900208,83.782074,82.663,55.271976,56.205273,final
1990-04-11,1,2228,NG023,952.0,41.57248,34.57822,69.405464,79.24657,85.35294,116.90182,117.67199,88.31869,74.11944,final
1990-04-21,1,2228,NG023,952.0,55.865547,35.06236,122.66282,101.204445,138.59769,149.82037,151.92702,120.20478,92.75116,final
1990-05-01,1,2228,NG023,952.0,62.87605,59.0472,160.31407,128.68777,199.5168,206.52402,105.97818,123.65683,96.68727,final
1990-05-11,1,2228,NG023,952.0,44.717438,52.34923,163.45903,146.45879,239.60085,255.24962,86.69242,111.22434,93.98701,final
1990-05-21,1,2228,NG023,952.0,40.8687,59.221954,148.46219,170.61838,279.25946,310.23105,71.42215,87.3839,90.17496,final
1990-06-01,1,2228,NG023,952.0,53.294117,67.94923,138.88025,179.52042,329.83826,367.69638,79.91054,77.97524,89.8421,final
1990-06-11,1,2228,NG023,952.0,77.52416,56.49009,171.68698,183.66127,404.5515,409.36664,134.20726,93.65302,98.83795,final
1990-06-21,1,2228,NG023,952.0,53.007355,62.237534,183.82564,186.67686,454.95065,458.4997,86.27228,98.51248,99.2343,final
1990-07-01,1,2228,NG023,952.0,81.32563,65.15301,211.85715,183.88063,511.05148,492.08884,123.05336,114.811745,103.81474,final
1990-07-11,1,2228,NG023,952.0,89.46849,67.22136,223.80147,194.61191,558.9475,524.732,130.8041,114.62315,106.45902,final
1990-07-21,1,2228,NG023,952.0,95.632355,73.7999,266.42648,206.17427,598.71423,563.4695,127.70621,128.53198,106.199936,final
1990-08-01,1,2228,NG023,952.0,79.469536,65.67948,264.57037,206.70074,615.3078,570.1018,119.51069,127.33559,107.86052,final
1990-08-11,1,2228,NG023,952.0,47.684875,74.19377,222.78677,213.67314,618.2752,591.94635,66.526535,104.1677,104.41059,final
1990-08-21,1,2228,NG023,952.0,90.47899,95.11628,217.63339,234.98953,667.8855,627.84064,95.368095,92.76796,106.3278,final
1990-09-01,1,2228,NG023,952.0,61.05567,73.10963,199.21954,242.41968,675.6471,633.00104,84.5679,82.539734,106.684326,final
1990-09-11,1,2228,NG023,952.0,72.6208,79.24685,224.15546,247.47276,670.7437,655.7578,92.13495,90.76443,102.26799,final
1990-09-21,1,2228,NG023,952.0,78.042015,81.02357,211.71848,233.38004,695.7783,674.5438,96.534035,90.91302,103.124825,final
1990-10-01,1,2228,NG023,952.0,62.37815,52.183228,213.04095,212.45364,676.8309,661.57404,117.82852,100.27008,102.28884,final
1990-10-11,1,2228,NG023,952.0,43.10609,54.911522,183.52626,188.11832,630.46844,649.2642,80.29522,97.622154,97.12719,final
1990-10-21,1,2228,NG023,952.0,54.46954,57.309803,159.95378,164.40456,589.30566,632.7741,95.4417,97.372696,93.18435,final
1990-11-01,1,2228,NG023,952.0,5.884454,6.925875,103.46008,119.1472,515.7206,574.0205,91.26755,87.3641,89.93128,final
1990-11-11,1,2228,NG023,952.0,4.2237396,1.8646709,64.57773,66.10035,472.25946,501.6914,134.36536,97.85849,94.191345,final
1990-11-21,1,2228,NG023,952.0,0.8182773,1.1265407,10.926471,9.917087,382.59872,407.7017,94.9684,106.76663,93.917404,final
1990-12-01,1,2228,NG023,952.0,4.59979,2.5570378,9.641808,5.5482492,326.14285,337.1491,127.031136,138.80794,96.783195,final
1990-12-11,1,2228,NG023,952.0,6.0609245,1.8338585,11.478992,5.517437,259.583,259.7361,161.85474,156.68259,99.94217,final
1990-12-21,1,2228,NG023,952.0,6.1586137,1.8489146,16.819328,6.239811,187.6996,180.56145,162.92528,194.1254,103.84679,final
1991-01-01,1,2228,NG023,952.0,1.0871849,1.4741946,13.306723,5.2865195,126.408615,128.31317,94.02228,177.96808,98.571365,final
1991-01-11,1,2228,NG023,952.0,0.98214287,1.4584733,8.2279415,4.8163867,84.28466,75.55266,92.624725,134.75366,110.84012,final
1991-01-21,1,2228,NG023,952.0,1.3077731,2.1438024,3.377101,5.0764704,31.1229,21.09545,88.297134,83.13527,138.42606,final
1991-02-01,1,2228,NG023,952.0,2.9758403,2.3435574,5.2657566,5.945833,28.214287,16.871464,108.61003,93.78689,151.86128,final
1991-02-11,1,2228,NG023,952.0,6.367647,3.6236343,10.65126,8.110994,30.358194,18.645973,131.81967,119.375084,149.53156,final
1991-02-21,1,2228,NG023,952.0,7.197479,4.2405114,16.540966,10.207703,36.737396,21.755041,132.00005,141.6451,155.99826,final
1991-03-01,1,2228,NG023,952.0,14.044118,10.483893,27.609245,18.34804,46.18172,29.58039,122.99307,139.66588,148.00793,final
1991-03-11,1,2228,NG023,952.0,38.386555,14.819853,59.62815,29.544258,78.507355,42.471638,218.90453,187.08797,175.91,final
1991-03-21,1,2228,NG023,952.0,11.472689,13.104482,63.90336,38.40823,83.82143,53.6924,90.98681,158.7334,151.33377,final
1991-04-01,1,2228,NG023,952.0,52.032562,31.563866,101.89181,59.4882,134.7668,83.782074,155.98067,165.75404,157.42682,final
1991-04-11,1,2228,NG023,952.0,49.193275,34.57822,112.698524,79.24657,182.97794,116.90182,136.927,139.70721,154.20438,final
1991-04-21,1,2228,NG023,952.0,37.99895,35.06236,139.2248,101.204445,219.66911,149.82037,107.33005,135.79921,145.11598,final
1991-05-01,1,2228,NG023,952.0,78.742645,59.0472,165.93488,128.68777,295.4359,206.52402,130.75146,127.86126,142.03395,final
1991-05-11,1,2228,NG023,952.0,66.02731,52.34923,182.7689,146.45879,355.09558,255.24962,123.8505,123.973595,138.36545,final
1991-05-21,1,2228,NG023,952.0,87.84349,59.221954,232.61345,170.61838,435.74158,310.23105,144.56659,135.30103,139.81541,final
1991-06-01,1,2228,NG023,952.0,65.69538,67.94923,219.5662,179.52042,487.39282,367.69638,96.91039,121.70262,132.11635,final
1991-06-11,1,2228,NG023,952.0,64.73845,56.49009,218.27733,183.66127,513.74475,409.36664,113.41413,118.34827,125.1898,final
1991-06-21,1,2228,NG023,952.0,58.67857,62.237534,189.11241,186.67686,560.9507,458.4997,94.70688,101.27065,122.10379,final
1991-07-01,1,2228,NG023,952.0,84.70273,65.15301,208.11975,183.88063,593.6208,492.08884,127.867256,112.83304,120.42531,final
1991-07-11,1,2228,NG023,952.0,75.16071,67.22136,218.54202,194.61191,619.5882,524.732,110.99309,111.98832,117.90645,final
1991-07-21,1,2228,NG023,952.0,64.77311,73.7999,224.63654,206.17427,646.3624,563.4695,88.54467,108.74267,114.58177,final
1991-08-01,1,2228,NG023,952.0,85.9874,65.67948,225.92122,206.70074,653.6072,570.1018,128.7324,109.07907,114.520096,final
1991-08-11,1,2228,NG023,952.0,137.77206,74.19377,288.53256,213.67314,725.3519,591.94635,180.28194,134.23347,122.348,final
1991-08-21,1,2228,NG023,952.0,86.79307,95.11628,310.55252,234.98953,724.3015,627.84064,91.686455,131.48595,115.242516,final
1991-09-01,1,2228,NG023,952.0,38.615547,73.10963,263.18066,242.41968,697.2216,633.00104,55.83889,108.391,110.0659,final
1991-09-11,1,2228,NG023,952.0,91.405464,79.24685,216.81409,247.47276,723.8887,655.7578,114.43213,87.856636,110.31102,final
1991-09-21,1,2228,NG023,952.0,74.582985,81.02357,204.604,233.38004,739.7931,674.5438,92.513,87.928505,109.60193,final
1991-10-01,1,2228,NG023,952.0,49.27731,52.183228,215.26576,212.45364,704.3677,661.57404,94.918236,101.293205,106.41993,final
1991-10-11,1,2228,NG023,952.0,42.702732,54.911522,166.56302,188.11832,671.90967,649.2642,79.62196,88.838295,103.461205,final
1991-10-21,1,2228,NG023,952.0,67.51786,57.309803,159.4979,164.40456,674.6544,632.7741,116.382744,97.103584,106.566635,final
1991-11-01,1,2228,NG023,952.0,3.1186974,6.925875,113.339294,119.1472,591.78577,574.0205,68.076324,95.321754,103.06816,final
1991-11-11,1,2228,NG023,952.0,0.9432773,1.8646709,71.579834,66.10035,454.9569,501.6914,86.57775,107.70669,90.776535,final
1991-11-21,1,2228,NG023,952.0,0.5409664,1.1265407,4.602941,9.917087,368.7048,407.7017,90.44201,64.37545,90.55083,final
1991-12-01,1,2228,NG023,952.0,2.889706,2.5570378,4.3739495,5.5482492,332.97897,337.1491,104.40209,88.86734,98.78119,final
1991-12-11,1,2228,NG023,952.0,1.3939075,1.8338585,4.8245797,5.517437,242.96744,259.7361,93.56219,93.41229,93.66589,final
1991-12-21,1,2228,NG023,952.0,2.072479,1.8489146,6.3560925,6.239811,170.45694,180.56145,103.26424,101.034546,94.554634,final
1992-01-01,1,2228,NG023,952.0,1.0882353,1.4741946,4.5546217,5.2865195,122.26787,128.31317,94.0385,92.88488,95.46534,final
1992-01-11,1,2228,NG023,952.0,0.99264705,1.4584733,4.1533613,4.8163867,80.55778,75.55266,92.78737,93.24573,106.21347,final
1992-01-21,1,2228,NG023,952.0,1.6680672,2.1438024,3.7489495,5.0764704,14.707983,21.09545,93.34058,86.82553,75.52268,final
1992-02-01,1,2228,NG023,952.0,1.4600841,2.3435574,4.120798,5.945833,13.049369,16.871464,87.96941,83.32667,82.52475,final
1992-02-11,1,2228,NG023,952.0,1.4569328,3.6236343,4.585084,8.110994,13.5630245,18.645973,74.87485,73.10722,78.50395,final
1992-02-21,1,2228,NG023,952.0,1.6302521,4.2405114,4.547269,10.207703,14.65231,21.755041,71.75201,62.779163,73.452736,final
1992-03-01,1,2228,NG023,952.0,3.4002101,10.483893,6.4873953,18.34804,15.162815,29.58039,54.251278,49.200684,58.307076,final
1992-03-11,1,2228,NG023,952.0,20.930672,14.819853,25.961134,29.544258,34.699577,42.471638,130.8318,89.62744,83.62799,final
1992-03-21,1,2228,NG023,952.0,9.677521,13.104482,34.0084,38.40823,42.30462,53.6924,81.071205,89.86406,80.59752,final
1992-04-01,1,2228,NG023,952.0,27.539915,31.563866,58.14811,59.4882,68.7563,83.782074,88.99474,97.92195,83.07567,final
1992-04-11,1,2228,NG023,952.0,50.755253,34.57822,87.97269,79.24657,118.518906,116.90182,140.87358,110.357834,101.326546,final
1992-04-21,1,2228,NG023,952.0,22.55252,35.06236,100.84769,101.204445,139.40337,149.82037,68.774086,99.664085,93.27155,final
1992-05-01,1,2228,NG023,952.0,70.25315,59.0472,143.56091,128.68777,208.19644,206.52402,117.49641,111.125275,100.79066,final
1992-05-11,1,2228,NG023,952.0,71.42227,52.34923,164.22794,146.45879,278.16177,255.24962,133.2577,111.73201,108.8039,final
1992-05-21,1,2228,NG023,952.0,64.94118,59.221954,206.6166,170.61838,341.47272,310.23105,108.905396,120.49798,109.91073,final
1992-06-01,1,2228,NG023,952.0,85.29622,67.94923,221.65967,179.52042,423.3687,367.69638,123.77955,122.83717,114.93772,final
1992-06-11,1,2228,NG023,952.0,40.90126,56.49009,191.13866,183.66127,443.33923,409.36664,74.648224,103.96339,108.19868,final
1992-06-21,1,2228,NG023,952.0,45.840336,62.237534,172.03781,186.67686,479.50208,458.4997,75.61303,92.36264,104.531265,final
1992-07-01,1,2228,NG023,952.0,46.788864,65.15301,133.53046,183.88063,498.75104,492.08884,73.82273,73.34286,101.34025,final
1992-07-11,1,2228,NG023,952.0,62.090336,67.22136,154.71953,194.61191,510.08612,524.732,92.89542,80.01503,97.23523,final
1992-07-21,1,2228,NG023,952.0,69.934875,73.7999,178.81407,206.17427,557.4685,563.4695,95.095146,87.04378,98.94436,final
1992-08-01,1,2228,NG023,952.0,46.8771,65.67948,178.90231,206.70074,534.0924,570.1018,73.39768,86.868996,93.7386,final
1992-08-11,1,2228,NG023,952.0,47.283615,74.19377,164.0956,213.67314,509.9538,591.94635,66.01986,77.32802,86.26467,final
1992-08-21,1,2228,NG023,952.0,43.659664,95.11628,137.82039,234.98953,488.6723,627.84064,48.603146,59.51109,78.00894,final
1992-09-01,1,2228,NG023,952.0,74.11975,73.10963,165.06303,242.41968,477.4958,633.00104,101.29322,68.73465,75.626175,final
1992-09-11,1,2228,NG023,952.0,103.84979,79.24685,221.62921,247.47276,540.44434,655.7578,129.2034,89.763824,82.548294,final
1992-09-21,1,2228,NG023,952.0,96.336136,81.02357,274.30566,233.38004,590.9401,674.5438,117.80044,117.16822,87.69708,final
1992-10-01,1,2228,NG023,952.0,26.306723,52.183228,226.49265,212.45364,570.45795,661.57404,54.74809,106.456085,86.33069,final
1992-10-11,1,2228,NG023,952.0,32.943275,54.911522,155.58614,188.11832,541.3109,649.2642,63.332184,83.154274,83.500046,final
1992-10-21,1,2228,NG023,952.0,42.365547,57.309803,101.61555,164.40456,513.7416,632.7741,76.016205,62.935467,81.33625,final
1992-11-01,1,2228,NG023,952.0,16.179623,6.925875,91.48845,119.1472,483.04413,574.0205,177.59387,77.721,84.28788,final
1992-11-11,1,2228,NG023,952.0,1.3792017,1.8646709,59.92437,66.10035,437.1397,501.6914,92.92801,91.31371,87.260155,final
1992-11-21,1,2228,NG023,952.0,0.89915967,1.1265407,18.457985,9.917087,394.3792,407.7017,96.28859,157.2558,96.77188,final
1992-12-01,1,2228,NG023,952.0,1.5315126,2.5570378,3.809874,5.5482492,321.791,337.1491,86.429535,83.51977,95.51128,final
1992-12-11,1,2228,NG023,952.0,1.1733193,1.8338585,3.6039915,5.517437,219.1145,259.7361,90.33431,81.80692,84.65581,final
1992-12-21,1,2228,NG023,952.0,1.347689,1.8489146,4.052521,6.239811,124.126045,180.56145,92.68168,80.539795,69.58667,final
1993-01-01,1,2228,NG023,952.0,1.1081933,1.4741946,3.629202,5.2865195,98.92752,128.31317,94.34677,83.88845,77.95743,final
1993-01-11,1,2228,NG023,952.0,0.9852941,1.4584733,3.4411764,4.8163867,66.969536,75.55266,92.673515,85.99066,89.3447,final
1993-01-21,1,2228,NG023,952.0,1.2741597,2.1438024,3.367647,5.0764704,25.878153,21.09545,87.82661,83.04145,118.32773,final
1993-02-01,1,2228,NG023,952.0,2.0556722,2.3435574,4.315126,5.945833,11.754202,16.871464,96.07976,85.102036,76.60302,final
1993-02-11,1,2228,NG023,952.0,6.615546,3.6236343,9.945378,8.110994,16.990547,18.645973,134.69432,113.99119,92.999115,final
1993-02-21,1,2228,NG023,952.0,4.2111344,4.2405114,12.882353,10.207703,20.302519,21.755041,99.68208,117.58747,94.57104,final
1993-03-01,1,2228,NG023,952.0,19.17227,10.483893,29.998951,18.34804,37.943275,29.58039,156.11235,149.90102,124.18389,final
1993-03-11,1,2228,NG023,952.0,22.013655,14.819853,45.397057,29.544258,58.783615,42.471638,136.29594,145.89127,134.36151,final
1993-03-21,1,2228,NG023,952.0,7.1365547,13.104482,48.32248,38.40823,64.57248,53.6924,67.036194,122.83956,118.53745,final
1993-04-01,1,2228,NG023,952.0,22.534664,31.563866,51.684875,59.4882,85.99895,83.782074,75.30567,87.899605,102.49698,final
1993-04-11,1,2228,NG023,952.0,19.62605,34.57822,49.29727,79.24657,104.63971,116.90182,62.22122,64.450424,89.940994,final
1993-04-21,1,2228,NG023,952.0,31.62395,35.06236,73.78466,101.204445,134.9895,149.82037,91.41735,74.182076,90.42059,final
1993-05-01,1,2228,NG023,952.0,69.788864,59.0472,121.038864,128.68777,202.72269,206.52402,116.77149,94.27853,98.20288,final
1993-05-11,1,2228,NG023,952.0,39.5021,52.34923,140.91492,146.45879,235.60925,255.24962,77.59843,96.33968,92.453255,final
1993-05-21,1,2228,NG023,952.0,41.657562,59.221954,150.94853,170.61838,273.05566,310.23105,72.65049,88.79967,88.20694,final
1993-06-01,1,2228,NG023,952.0,82.315125,67.94923,163.4748,179.52042,336.19855,367.69638,119.69301,91.304146,91.54866,final
1993-06-11,1,2228,NG023,952.0,38.153362,56.49009,162.12605,183.66127,352.33823,409.36664,70.17938,88.58524,86.23721,final
1993-06-21,1,2228,NG023,952.0,66.41071,62.237534,186.87921,186.67686,411.61237,458.4997,106.20662,100.105576,89.88406,final
1993-07-01,1,2228,NG023,952.0,42.557774,65.15301,147.12184,183.88063,431.6355,492.08884,67.7915,80.53861,87.838524,final
1993-07-11,1,2228,NG023,952.0,37.55252,67.22136,146.52101,194.61191,449.56195,524.732,58.91958,75.90781,85.8098,final
1993-07-21,1,2228,NG023,952.0,67.42437,73.7999,147.53467,206.17427,485.3624,563.4695,91.90922,72.23166,86.26011,final
1993-08-01,1,2228,NG023,952.0,56.689075,65.67948,161.66597,206.70074,472.26263,570.1018,87.28004,78.72716,82.9875,final
1993-08-11,1,2228,NG023,952.0,52.67017,74.19377,176.78362,213.67314,485.4307,591.94635,72.8216,83.13029,82.15658,final
1993-08-21,1,2228,NG023,952.0,96.125,95.11628,205.48425,234.98953,539.89813,627.84064,101.007545,87.7056,86.10353,final
1993-09-01,1,2228,NG023,952.0,90.042015,73.10963,238.83719,242.41968,547.625,633.00104,121.67772,98.55206,86.618195,final
1993-09-11,1,2228,NG023,952.0,85.34664,79.24685,271.51367,247.47276,594.8183,655.7578,107.24038,109.52218,90.77733,final
1993-09-21,1,2228,NG023,952.0,77.385506,81.02357,252.77417,233.38004,605.7931,674.5438,95.77085,108.13581,89.88281,final
1993-10-01,1,2228,NG023,952.0,56.76996,52.183228,219.5021,212.45364,620.00525,661.57404,108.02112,103.24136,93.76382,final
1993-10-11,1,2228,NG023,952.0,53.357143,54.911522,187.5126,188.11832,635.8099,649.2642,97.40554,99.68635,97.94359,final
1993-10-21,1,2228,NG023,952.0,39.760506,57.309803,149.8876,164.40456,608.146,632.7741,71.83542,91.430595,96.13843,final
1993-11-01,1,2228,NG023,952.0,4.5010505,6.925875,97.6187,119.1472,555.958,574.0205,79.66754,82.65889,96.88051,final
1993-11-11,1,2228,NG023,952.0,2.1932774,1.8646709,46.454834,66.10035,505.48108,501.6914,104.78692,72.369316,100.74793,final
1993-11-21,1,2228,NG023,952.0,2.6239495,1.1265407,9.318277,9.917087,411.98004,407.7017,124.44135,95.985756,101.03667,final
1993-12-01,1,2228,NG023,952.0,5.0966387,2.5570378,9.913866,5.5482492,327.03467,337.1491,133.60577,141.38712,97.043846,final
1993-12-11,1,2228,NG023,952.0,1.5346639,1.8338585,9.255252,5.517437,243.22269,259.7361,95.62189,135.53922,93.76231,final
1993-12-21,1,2228,NG023,952.0,1.6533613,1.8489146,8.284664,6.239811,167.49055,180.56145,97.14475,118.19295,92.95603,final
1994-01-01,1,2228,NG023,952.0,2.0682774,1.4741946,5.256303,5.2865195,112.78886,128.31317,109.17617,99.706245,88.355,final
1994-01-11,1,2228,NG023,952.0,1.9558823,1.4584733,5.6775208,4.8163867,61.387608,75.55266,107.701645,108.77241,82.41516,final
1994-01-21,1,2228,NG023,952.0,3.980042,2.1438024,8.004202,5.0764704,25.607143,21.09545,125.70394,129.05513,117.2892,final
1994-02-01,1,2228,NG023,952.0,1.4285715,2.3435574,7.364496,5.945833,22.534664,16.871464,87.54029,112.960754,125.893105,final
1994-02-11,1,2228,NG023,952.0,2.7993698,3.6236343,8.207983,8.110994,23.140757,18.645973,90.4418,100.73975,119.00866,final
1994-02-21,1,2228,NG023,952.0,1.9989495,4.2405114,6.226891,10.207703,22.515757,21.755041,75.74202,73.823715,102.84326,final
1994-03-01,1,2228,NG023,952.0,5.762605,10.483893,10.560925,18.34804,23.181723,29.58039,69.50839,66.647675,81.496254,final
1994-03-11,1,2228,NG023,952.0,7.8245797,14.819853,15.586134,29.544258,29.471638,42.471638,64.70573,59.593506,72.61523,final
1994-03-21,1,2228,NG023,952.0,9.947479,13.104482,23.534664,38.40823,37.765755,53.6924,82.562325,65.73561,72.86421,final
1994-04-01,1,2228,NG023,952.0,47.707985,31.563866,65.48004,59.4882,83.405464,83.782074,144.1532,109.29137,99.575806,final
1994-04-11,1,2228,NG023,952.0,33.221638,34.57822,90.877106,79.24657,114.67122,116.90182,96.5724,113.80535,98.170166,final
1994-04-21,1,2228,NG023,952.0,35.540966,35.06236,116.4706,101.204445,146.23215,149.82037,101.19466,114.374306,97.68233,final
1994-05-01,1,2228,NG023,952.0,66.893906,59.0472,135.65651,128.68777,211.69748,206.52402,112.25145,105.21269,102.44581,final
1994-05-11,1,2228,NG023,952.0,62.335083,52.34923,164.76996,146.45879,271.23322,255.24962,117.41235,112.089874,106.14164,final
1994-05-21,1,2228,NG023,952.0,54.72374,59.221954,183.95273,170.61838,323.958,310.23105,92.99583,107.5928,104.35457,final
1994-06-01,1,2228,NG023,952.0,73.01786,67.94923,190.07669,179.52042,391.21323,367.69638,106.94816,105.720924,106.30993,final
1994-06-11,1,2228,NG023,952.0,35.9958,56.49009,163.7374,183.66127,419.38443,409.36664,66.67058,89.43934,102.41761,final
1994-06-21,1,2228,NG023,952.0,58.935925,62.237534,167.94958,186.67686,468.3729,458.4997,95.08963,90.22977,102.13014,final
1994-07-01,1,2228,NG023,952.0,65.463234,65.15301,160.39496,183.88063,486.1281,492.08884,100.442215,87.565865,98.80087,final
1994-07-11,1,2228,NG023,952.0,64.31092,67.22136,188.71008,194.61191,517.2174,524.732,95.970116,97.04335,98.581436,final
1994-07-21,1,2228,NG023,952.0,49.834034,73.7999,179.60818,206.17427,531.51044,563.4695,69.58643,87.41982,94.37805,final
1994-08-01,1,2228,NG023,952.0,107.375,65.67948,221.51996,206.70074,571.9916,570.1018,158.9924,107.00008,100.3286,final
1994-08-11,1,2228,NG023,952.0,129.61554,74.19377,286.8246,213.67314,639.2721,591.94635,169.98248,133.45242,107.92798,final
1994-08-21,1,2228,NG023,952.0,111.66912,95.11628,348.65967,234.98953,696.21747,627.84064,116.533615,147.36462,110.80475,final
1994-09-01,1,2228,NG023,952.0,71.28151,73.10963,312.56616,242.41968,694.4811,633.00104,97.65955,128.35121,109.63635,final
1994-09-11,1,2228,NG023,952.0,82.809875,79.24685,265.7605,247.47276,741.29517,655.7578,104.22927,107.243454,112.94534,final
1994-09-21,1,2228,NG023,952.0,76.48319,81.02357,230.57458,233.38004,758.8424,674.5438,94.72195,98.82312,112.40517,final
1994-10-01,1,2228,NG023,952.0,44.369747,52.183228,203.66281,212.45364,737.74896,661.57404,86.33607,95.957375,111.42783,final
1994-10-11,1,2228,NG023,952.0,68.6166,54.911522,189.46954,188.11832,742.0546,649.2642,122.875534,100.699684,114.1824,final
1994-10-21,1,2228,NG023,952.0,65.41071,57.309803,178.39706,164.40456,757.6313,632.7741,113.00102,108.25982,119.57703,final
1994-11-01,1,2228,NG023,952.0,5.1334033,6.925875,139.16072,119.1472,655.38965,574.0205,84.9699,116.120804,114.052895,final
1994-11-11,1,2228,NG023,952.0,1.1281513,1.8646709,71.672264,66.10035,526.90234,501.6914,89.270874,107.836685,104.9756,final
1994-11-21,1,2228,NG023,952.0,0.60294116,1.1265407,6.8644958,9.917087,415.83612,407.7017,91.45358,79.536285,101.971016,final
1994-12-01,1,2228,NG023,952.0,1.5136554,2.5570378,3.2447479,5.5482492,346.06824,337.1491,86.19324,78.16224,102.6068,final
1994-12-11,1,2228,NG023,952.0,2.1638656,1.8338585,4.2804623,5.517437,265.42224,259.7361,104.829,88.238815,102.14784,final
1994-12-21,1,2228,NG023,952.0,1.3813025,1.8489146,5.0588236,6.239811,190.32039,180.56145,93.17246,89.49281,105.25915,final
1995-01-01,1,2228,NG023,952.0,1.2079831,1.4741946,4.753151,5.2865195,147.15862,128.31317,95.888115,94.81487,114.136215,final
1995-01-11,1,2228,NG023,952.0,1.0252101,1.4584733,3.6144958,4.8163867,79.56722,75.55266,93.29156,87.75628,104.98377,final
1995-01-21,1,2228,NG023,952.0,1.3802521,2.1438024,3.6134455,5.0764704,15.536765,21.09545,89.31171,85.48078,78.69865,final
1995-02-01,1,2228,NG023,952.0,2.0430672,2.3435574,4.4485292,5.945833,12.446427,16.871464,95.90811,86.320786,79.76798,final
1995-02-11,1,2228,NG023,952.0,2.2268908,3.6236343,5.6502104,8.110994,13.545167,18.645973,83.8033,81.23114,78.42843,final
1995-02-21,1,2228,NG023,952.0,2.5336134,4.2405114,6.8035717,10.207703,15.47584,21.755041,81.52811,77.615746,76.53077,final
1995-03-01,1,2228,NG023,952.0,20.844538,10.483893,25.605042,18.34804,34.80672,29.58039,166.9124,131.08185,115.11357,final
1995-03-11,1,2228,NG023,952.0,29.482143,14.819853,52.860294,29.544258,62.125,42.471638,173.9778,167.49612,141.40022,final
1995-03-21,1,2228,NG023,952.0,21.632353,13.104482,71.95904,38.40823,82.37605,53.6924,147.10365,177.29135,148.87115,final
1995-04-01,1,2228,NG023,952.0,21.956932,31.563866,73.07143,59.4882,103.125,83.782074,73.7256,121.06311,121.78697,final
1995-04-11,1,2228,NG023,952.0,32.968487,34.57822,76.55777,79.24657,135.06828,116.90182,95.932785,96.80842,114.90254,final
1995-04-21,1,2228,NG023,952.0,49.637604,35.06236,104.56302,101.204445,183.32562,149.82037,136.3814,103.16237,121.64137,final
1995-05-01,1,2228,NG023,952.0,59.52731,59.0472,142.1334,128.68777,240.80988,206.52402,100.74963,110.05749,116.20897,final
1995-05-11,1,2228,NG023,952.0,51.156513,52.34923,160.32143,146.45879,289.7395,255.24962,97.92025,109.15275,113.2526,final
1995-05-21,1,2228,NG023,952.0,69.04622,59.221954,179.73004,170.61838,356.25214,310.23105,115.29736,105.18833,114.59916,final
1995-06-01,1,2228,NG023,952.0,93.6124,67.94923,213.81512,179.52042,429.02,367.69638,135.17949,118.58586,116.45404,final
1995-06-11,1,2228,NG023,952.0,50.52206,56.49009,213.18068,183.66127,450.05988,409.36664,90.29433,115.64678,109.820595,final
1995-06-21,1,2228,NG023,952.0,66.58403,62.237534,210.71849,186.67686,495.01154,458.4997,106.464386,112.542786,107.87742,final
1995-07-01,1,2228,NG023,952.0,100.992645,65.15301,218.09874,183.88063,574.04724,492.08884,151.08781,118.11626,116.48768,final
1995-07-11,1,2228,NG023,952.0,50.52311,67.22136,218.0998,194.61191,591.60187,524.732,76.879074,111.76678,112.623344,final
1995-07-21,1,2228,NG023,952.0,108.90231,73.7999,260.41806,206.17427,650.8666,563.4695,144.54626,125.68674,115.3741,final
1995-08-01,1,2228,NG023,952.0,93.04727,65.67948,252.47269,206.70074,684.3865,570.1018,138.721,121.62106,119.87208,final
1995-08-11,1,2228,NG023,952.0,102.31092,74.19377,304.2605,213.67314,735.5409,591.94635,135.50424,141.42592,124.05485,final
1995-08-21,1,2228,NG023,952.0,97.48845,95.11628,292.84662,234.98953,763.9832,627.84064,102.369415,124.10817,121.51294,final
1995-09-01,1,2228,NG023,952.0,46.77731,73.10963,246.57669,242.41968,717.14813,633.00104,66.288,101.680145,113.18917,final
1995-09-11,1,2228,NG023,952.0,53.17017,79.24685,197.43593,247.47276,719.7962,655.7578,69.047295,80.1813,109.69166,final
1995-09-21,1,2228,NG023,952.0,71.030464,81.02357,170.97794,233.38004,724.2426,674.5438,88.3833,73.82243,107.31355,final
1995-10-01,1,2228,NG023,952.0,59.12605,52.183228,183.32669,212.45364,682.37604,661.57404,112.14137,86.60544,103.120735,final
1995-10-11,1,2228,NG023,952.0,47.232143,54.911522,177.38866,188.11832,679.0851,649.2642,87.18214,94.44399,104.55792,final
1995-10-21,1,2228,NG023,952.0,102.02941,57.309803,208.3876,164.40456,672.21216,632.7741,171.76978,125.96332,106.18371,final
1995-11-01,1,2228,NG023,952.0,19.209034,6.925875,168.47058,119.1472,598.37396,574.0205,202.99588,139.72975,104.20598,final
1995-11-11,1,2228,NG023,952.0,1.7542017,1.8646709,122.99265,66.10035,497.81726,501.6914,98.39076,180.0169,99.235405,final
1995-11-21,1,2228,NG023,952.0,0.9579832,1.1265407,21.921219,9.917087,401.28677,407.7017,97.24873,180.47237,98.44563,final
1995-12-01,1,2228,NG023,952.0,1.6638656,2.5570378,4.3760505,5.5482492,356.17337,337.1491,88.18092,88.887276,105.560234,final
1995-12-11,1,2228,NG023,952.0,1.1638656,1.8338585,3.7857144,5.517437,304.16705,259.7361,90.19598,83.534744,116.783104,final
1995-12-21,1,2228,NG023,952.0,1.6470588,1.8489146,4.47479,6.239811,234.7836,180.56145,97.052734,84.29671,129.2206,final
1996-01-01,1,2228,NG023,952.0,1.2741597,1.4741946,4.085084,5.2865195,176.9317,128.31317,96.91027,88.32028,136.4694,final
1996-01-11,1,2228,NG023,952.0,1.2615546,1.4584733,4.182773,4.8163867,130.96114,75.55266,96.951004,93.54535,168.78542,final
1996-01-21,1,2228,NG023,952.0,1.967437,2.1438024,4.503151,5.0764704,30.899162,21.09545,97.531204,94.31031,137.56866,final
1996-02-01,1,2228,NG023,952.0,5.2258406,2.3435574,8.454832,5.945833,16.915966,16.871464,139.24915,122.92196,100.20347,final
1996-02-11,1,2228,NG023,952.0,3.7888656,3.6236343,10.982143,8.110994,18.95063,18.645973,101.91604,121.898796,101.288414,final
1996-02-21,1,2228,NG023,952.0,4.079832,4.2405114,13.094538,10.207703,22.07248,21.755041,98.26115,118.98272,101.18646,final
1996-03-01,1,2228,NG023,952.0,8.705882,10.483893,16.57458,18.34804,29.114494,29.58039,88.51703,92.40424,98.65272,final
1996-03-11,1,2228,NG023,952.0,13.063025,14.819853,25.84874,29.544258,41.013657,42.471638,91.136024,89.30208,96.928734,final
1996-03-21,1,2228,NG023,952.0,12.552521,13.104482,34.321426,38.40823,51.919117,53.6924,96.951256,90.58519,96.97868,final
1996-04-01,1,2228,NG023,952.0,51.20063,31.563866,76.81618,59.4882,101.84559,83.782074,153.70538,126.86999,120.3459,final
1996-04-11,1,2228,NG023,952.0,49.965336,34.57822,113.71849,79.24657,150.54936,116.90182,138.87773,140.9179,127.60217,final
1996-04-21,1,2228,NG023,952.0,32.985294,35.06236,134.15126,101.204445,181.56721,149.82037,94.81542,131.02206,120.50559,final
1996-05-01,1,2228,NG023,952.0,55.744747,59.0472,138.69537,128.68777,232.08614,206.52402,94.84373,107.485794,112.08473,final
1996-05-11,1,2228,NG023,952.0,43.839287,52.34923,132.56934,146.45879,272.13657,255.24962,85.16119,90.82955,106.48874,final
1996-05-21,1,2228,NG023,952.0,64.99685,59.221954,164.58087,170.61838,333.0536,310.23105,108.99209,96.56215,107.23994,final
1996-06-01,1,2228,NG023,952.0,48.239494,67.94923,157.07562,179.52042,372.5872,367.69638,72.981575,87.83614,101.31228,final
1996-06-11,1,2228,NG023,952.0,55.112396,56.49009,168.34874,183.66127,414.63657,409.36664,97.75948,91.88359,101.271805,final
1996-06-21,1,2228,NG023,952.0,81.27416,62.237534,184.62605,186.67686,483.35822,458.4997,128.3125,98.93007,105.36323,final
1996-07-01,1,2228,NG023,952.0,77.54307,65.15301,213.92963,183.88063,509.70065,492.08884,117.661476,115.90899,103.543,final
1996-07-11,1,2228,NG023,952.0,62.30042,67.22136,221.11765,194.61191,522.03577,524.732,93.1863,113.27864,99.49102,final
1996-07-21,1,2228,NG023,952.0,64.984245,73.7999,204.82773,206.17427,554.03467,563.4695,88.812614,99.36236,98.34032,final
1996-08-01,1,2228,NG023,952.0,79.50315,65.67948,206.78781,206.70074,577.7931,570.1018,119.55825,100.04113,101.33737,final
1996-08-11,1,2228,NG023,952.0,77.204834,74.19377,221.69223,213.67314,611.1586,591.94635,103.80215,103.66715,103.21842,final
1996-08-21,1,2228,NG023,952.0,98.094536,95.11628,254.80252,234.98953,644.2563,627.84064,102.97479,108.25577,102.593956,final
1996-09-01,1,2228,NG023,952.0,102.515755,73.10963,277.81512,242.41968,698.53253,633.00104,137.64725,114.30583,110.271385,final
1996-09-11,1,2228,NG023,952.0,68.336136,79.24685,268.9464,247.47276,711.7563,655.7578,87.04912,108.50533,108.474884,final
1996-09-21,1,2228,NG023,952.0,95.81092,81.02357,266.6628,233.38004,726.293,674.5438,117.18988,113.96207,107.615295,final
1996-10-01,1,2228,NG023,952.0,50.138657,52.183228,214.28572,212.45364,698.8887,661.57404,96.42452,100.842514,105.59798,final
1996-10-11,1,2228,NG023,952.0,76.43803,54.911522,222.3876,188.11832,713.0263,649.2642,135.9305,117.74523,109.74562,final
1996-10-21,1,2228,NG023,952.0,38.286766,57.309803,164.86345,164.40456,686.3288,632.7741,69.47023,100.27089,108.397125,final
1996-11-01,1,2228,NG023,952.0,1.9894958,6.925875,116.71429,119.1472,608.8151,574.0205,58.607822,98.0403,106.009224,final
1996-11-11,1,2228,NG023,952.0,0.9852941,1.8646709,41.261555,66.10035,532.5956,501.6914,87.18983,65.065155,106.09921,final
1996-11-21,1,2228,NG023,952.0,1.5115546,1.1265407,4.4863443,9.917087,436.0126,407.7017,106.28437,63.59382,106.8599,final
1996-12-01,1,2228,NG023,952.0,1.9464285,2.5570378,4.4432774,5.5482492,335.44333,337.1491,91.91999,89.5246,99.50145,final
1996-12-11,1,2228,NG023,952.0,1.2531513,1.8338585,4.7111344,5.517437,268.36032,259.7361,91.5025,92.33366,103.25766,final
1996-12-21,1,2228,NG023,952.0,1.4716387,1.8489146,4.6712184,6.239811,174.02101,180.56145,94.491455,86.04432,96.47533,final
1997-01-01,1,2228,NG023,952.0,2.355042,1.4741946,5.079832,5.2865195,126.23739,128.31317,113.605515,97.99069,98.44293,final
1997-01-11,1,2228,NG023,952.0,2.8844538,1.4584733,6.7111344,4.8163867,52.683823,75.55266,122.079216,119.30188,71.610085,final
1997-01-21,1,2228,NG023,952.0,2.1617646,2.1438024,7.4012604,5.0764704,16.558823,21.09545,100.251434,123.071465,82.61526,final
1997-02-01,1,2228,NG023,952.0,1.2552521,2.3435574,6.3014708,5.945833,15.82458,16.871464,85.18013,103.24907,95.21348,final
1997-02-11,1,2228,NG023,952.0,1.4306723,3.6236343,4.847689,8.110994,16.269958,18.645973,74.57033,75.11016,89.95172,final
1997-02-21,1,2228,NG023,952.0,1.5840336,4.2405114,4.269958,10.207703,16.342438,21.755041,71.25183,60.95568,79.769775,final
1997-03-01,1,2228,NG023,952.0,4.6386557,10.483893,7.6533613,18.34804,19.034664,29.58039,62.249557,54.194534,69.50374,final
1997-03-11,1,2228,NG023,952.0,22.137606,14.819853,28.360294,29.544258,39.91912,42.471638,136.92133,96.57262,94.62307,final
1997-03-21,1,2228,NG023,952.0,35.2521,13.104482,62.028362,38.40823,73.699585,53.6924,222.33226,154.41396,134.0882,final
1997-04-01,1,2228,NG023,952.0,49.963234,31.563866,107.35294,59.4882,121.30778,83.782074,150.32117,174.22247,142.2672,final
1997-04-11,1,2228,NG023,952.0,53.82458,34.57822,139.03992,79.24657,172.2479,116.90182,148.62866,170.97423,145.40218,final
1997-04-21,1,2228,NG023,952.0,54.97584,35.06236,158.76366,101.204445,225.06198,149.82037,149.70622,154.19661,148.59929,final
1997-05-01,1,2228,NG023,952.0,73.45903,59.0472,182.25946,128.68777,297.26575,206.52402,122.5019,140.07224,142.89902,final
1997-05-11,1,2228,NG023,952.0,48.689075,52.34923,177.12395,146.45879,344.52417,255.24962,93.61778,120.246544,134.30342,final
1997-05-21,1,2228,NG023,952.0,48.72479,59.221954,170.8729,170.61838,391.66492,310.23105,83.65486,100.14492,125.83307,final
1997-06-01,1,2228,NG023,952.0,80.34559,67.94923,177.75946,179.52042,467.37186,367.69638,116.99314,99.045654,126.744415,final
1997-06-11,1,2228,NG023,952.0,107.216385,56.49009,236.28676,183.66127,552.4506,409.36664,182.49507,127.894165,134.53078,final
1997-06-21,1,2228,NG023,952.0,62.28046,62.237534,249.84244,186.67686,579.479,458.4997,100.063835,132.9542,126.101265,final
1997-07-01,1,2228,NG023,952.0,32.54937,65.15301,202.0462,183.88063,562.0651,492.08884,53.52496,109.617485,114.077225,final
1997-07-11,1,2228,NG023,952.0,46.01996,67.22136,140.8498,194.61191,554.2605,524.732,70.64387,73.06668,105.57424,final
1997-07-21,1,2228,NG023,952.0,28.316177,73.7999,106.885506,206.17427,527.6008,563.4695,42.27947,52.982544,93.690315,final
1997-08-01,1,2228,NG023,952.0,21.409664,65.67948,95.745804,206.70074,475.55145,570.1018,37.365387,47.58878,83.55937,final
1997-08-11,1,2228,NG023,952.0,48.7458,74.19377,98.47164,213.67314,475.60822,591.94635,67.866196,47.317947,80.51112,final
1997-08-21,1,2228,NG023,952.0,63.288864,95.11628,133.44434,234.98953,490.1723,627.84064,68.20955,57.687656,78.24597,final
1997-09-01,1,2228,NG023,952.0,74.26786,73.10963,186.30252,242.41968,484.0945,633.00104,101.482834,77.31904,76.66046,final
1997-09-11,1,2228,NG023,952.0,101.72164,79.24685,239.27838,247.47276,478.5998,655.7578,126.67731,96.75435,73.18866,final
1997-09-21,1,2228,NG023,952.0,111.45588,81.02357,287.44537,233.38004,527.7752,674.5438,135.37671,122.68032,78.40189,final
1997-10-01,1,2228,NG023,952.0,66.02206,52.183228,279.1996,212.45364,561.2479,661.57404,124.20086,130.69434,84.94899,final
1997-10-11,1,2228,NG023,952.0,85.09979,54.911522,262.57773,188.11832,600.3277,649.2642,150.38809,138.55637,92.52037,final
1997-10-21,1,2228,NG023,952.0,99.54727,57.309803,250.66913,164.40456,671.55884,632.7741,167.78622,150.92223,106.08126,final
1997-11-01,1,2228,NG023,952.0,9.243697,6.925875,193.89076,119.1472,659.3929,574.0205,119.43524,160.2056,114.74427,final
1997-11-11,1,2228,NG023,952.0,2.320378,1.8646709,111.11135,66.10035,612.96747,501.6914,106.63844,163.30629,121.9613,final
1997-11-21,1,2228,NG023,952.0,1.9789916,1.1265407,13.543067,9.917087,551.6576,407.7017,113.91406,124.30757,134.88135,final
1997-12-01,1,2228,NG023,952.0,4.609244,2.5570378,8.908613,5.5482492,481.99896,337.1491,127.15622,131.85707,142.3353,final
1997-12-11,1,2228,NG023,952.0,3.0231092,1.8338585,9.611344,5.517437,383.3004,259.7361,117.402336,138.92496,146.67451,final
1997-12-21,1,2228,NG023,952.0,2.5976892,1.8489146,10.2300415,6.239811,274.44223,180.56145,110.93275,135.50087,150.59283,final
1998-01-01,1,2228,NG023,952.0,1.8098739,1.4741946,7.430672,5.2865195,210.23003,128.31317,105.18489,120.844284,161.44693,final
1998-01-11,1,2228,NG023,952.0,1.4212185,1.4584733,5.8287816,4.8163867,126.551476,75.55266,99.423164,110.31331,163.31116,final
1998-01-21,1,2228,NG023,952.0,1.9012605,2.1438024,5.132353,5.0764704,28.905462,21.09545,96.60486,100.55459,129.92865,final
1998-02-01,1,2228,NG023,952.0,3.25,2.3435574,6.5724792,5.945833,22.911764,16.871464,112.34337,105.724976,127.61726,final
1998-02-11,1,2228,NG023,952.0,3.9936974,3.6236343,9.144958,8.110994,24.585085,18.645973,104.29126,107.88623,125.1168,final
1998-02-21,1,2228,NG023,952.0,3.3266807,4.2405114,10.570377,10.207703,25.932774,21.755041,90.11061,102.3848,115.614746,final
1998-03-01,1,2228,NG023,952.0,6.5115547,10.483893,13.831933,18.34804,27.835085,29.58039,74.34535,80.65745,94.952896,final
1998-03-11,1,2228,NG023,952.0,20.244747,14.819853,30.082983,29.544258,45.05672,42.471638,127.37101,101.55953,105.445526,final
1998-03-21,1,2228,NG023,952.0,11.47479,13.104482,38.23109,38.40823,53.93382,53.6924,90.998405,99.59192,100.41133,final
1998-04-01,1,2228,NG023,952.0,24.735294,31.563866,56.45483,59.4882,76.85924,83.782074,81.324265,95.296234,92.20244,final
1998-04-11,1,2228,NG023,952.0,15.527311,34.57822,51.737396,79.24657,90.96533,116.90182,51.865173,67.34683,78.72346,final
1998-04-21,1,2228,NG023,952.0,50.721638,35.06236,90.98424,101.204445,139.7857,149.82037,139.08727,90.376854,93.51851,final
1998-05-01,1,2228,NG023,952.0,78.07353,59.0472,144.32248,128.68777,214.60924,206.52402,129.70674,111.69495,103.822365,final
1998-05-11,1,2228,NG023,952.0,35.827732,52.34923,164.6229,146.45879,246.44328,255.24962,71.19142,111.992775,96.61619,final
1998-05-21,1,2228,NG023,952.0,52.088234,59.221954,165.9895,170.61838,295.20483,310.23105,88.89208,97.36424,95.23327,final
1998-06-01,1,2228,NG023,952.0,60.457985,67.94923,148.37396,179.52042,349.15125,367.69638,89.73088,83.12032,95.02406,final
1998-06-11,1,2228,NG023,952.0,66.911766,56.49009,179.45798,183.66127,395.81827,409.36664,116.94855,97.77204,96.73034,final
1998-06-21,1,2228,NG023,952.0,94.85294,62.237534,222.22269,186.67686,479.1964,458.4997,148.50774,118.54466,104.46532,final
1998-07-01,1,2228,NG023,952.0,29.80252,65.15301,191.56723,183.88063,484.26364,492.08884,49.60945,104.06956,98.4258,final
1998-07-11,1,2228,NG023,952.0,113.77416,67.22136,238.42963,194.61191,582.5105,524.732,164.4585,121.95146,110.90713,final
1998-07-21,1,2228,NG023,952.0,68.6313,73.7999,212.208,206.17427,600.42017,563.4695,93.44086,102.85722,106.50003,final
1998-08-01,1,2228,NG023,952.0,51.384453,65.67948,233.78992,206.70074,573.73114,570.1018,79.77485,112.795975,100.63108,final
1998-08-11,1,2228,NG023,952.0,89.579834,74.19377,209.59558,213.67314,627.4832,591.94635,119.428375,98.135315,105.95311,final
1998-08-21,1,2228,NG023,952.0,71.56618,95.11628,212.53047,234.98953,646.9611,627.84064,76.47725,90.64165,103.02137,final
1998-09-01,1,2228,NG023,952.0,45.587185,73.10963,206.7332,242.41968,632.09033,633.00104,64.764336,85.57654,99.85726,final
1998-09-11,1,2228,NG023,952.0,100.08929,79.24685,217.24265,247.47276,665.2678,655.7578,124.739716,88.02639,101.43926,final
1998-09-21,1,2228,NG023,952.0,74.18067,81.02357,219.85715,233.38004,644.5956,674.5438,92.04533,94.32717,95.592896,final
1998-10-01,1,2228,NG023,952.0,48.036766,52.183228,222.30673,212.45364,662.8298,661.57404,92.74882,104.53112,100.188385,final
1998-10-11,1,2228,NG023,952.0,71.01681,54.911522,193.23425,188.11832,620.07245,649.2642,126.881775,102.64912,95.53823,final
1998-10-21,1,2228,NG023,952.0,32.44853,57.309803,151.5021,164.40456,583.8897,632.7741,60.100536,92.383644,92.33515,final
1998-11-01,1,2228,NG023,952.0,3.6060925,6.925875,107.07143,119.1472,536.1113,574.0205,72.16319,90.27302,93.45287,final
1998-11-11,1,2228,NG023,952.0,2.0934875,1.8646709,38.148106,66.10035,448.62497,501.6914,103.33326,60.686207,89.52687,final
1998-11-21,1,2228,NG023,952.0,1.5136554,1.1265407,7.213236,9.917087,378.57245,407.7017,106.31865,81.87414,92.94182,final
1998-12-01,1,2228,NG023,952.0,1.8098739,2.5570378,5.417017,5.5482492,334.79514,337.1491,90.11301,98.75588,99.312004,final
1998-12-11,1,2228,NG023,952.0,2.512605,1.8338585,5.836134,5.517437,237.2185,259.7361,109.93211,103.03018,91.49432,final
1998-12-21,1,2228,NG023,952.0,1.5483193,1.8489146,5.870798,6.239811,164.58615,180.56145,95.61105,96.71691,91.39083,final
1999-01-01,1,2228,NG023,952.0,1.6292017,1.4741946,5.6901264,5.2865195,118.17857,128.31317,102.39423,103.923645,92.3979,final
1999-01-11,1,2228,NG023,952.0,2.4716387,1.4584733,5.6491594,4.8163867,49.6334,75.55266,115.687386,108.48349,67.82321,final
1999-01-21,1,2228,NG023,952.0,2.889706,2.1438024,6.990546,5.0764704,20.074581,21.09545,110.44125,118.9955,96.087944,final
1999-02-01,1,2228,NG023,952.0,2.215336,2.3435574,7.57668,5.945833,18.683825,16.871464,98.25396,114.899254,108.286415,final
1999-02-11,1,2228,NG023,952.0,5.055672,3.6236343,10.160714,8.110994,21.646008,18.645973,116.605965,115.6336,112.68729,final
1999-02-21,1,2228,NG023,952.0,3.3823528,4.2405114,10.653361,10.207703,23.514706,21.755041,90.71309,102.93047,106.57694,final
1999-03-01,1,2228,NG023,952.0,8.484243,10.483893,16.922268,18.34804,30.189075,29.58039,87.08561,93.893394,101.76019,final
1999-03-11,1,2228,NG023,952.0,14.50105,14.819853,26.367645,29.544258,42.17752,42.471638,98.391495,90.80422,99.38043,final
1999-03-21,1,2228,NG023,952.0,5.2605042,13.104482,28.245798,38.40823,45.889706,53.6924,56.673836,76.5887,86.70578,final
1999-04-01,1,2228,NG023,952.0,38.334034,31.563866,58.09559,59.4882,82.59454,83.782074,118.51601,97.840515,98.662415,final
1999-04-11,1,2228,NG023,952.0,29.157562,34.57822,72.752106,79.24657,109.28046,116.90182,86.30394,92.29113,93.74795,final
1999-04-21,1,2228,NG023,952.0,36.891808,35.06236,104.3834,101.204445,143.28256,149.82037,104.566505,102.99324,95.77717,final
1999-05-01,1,2228,NG023,952.0,41.3687,59.0472,107.41807,128.68777,182.43593,206.52402,72.397705,84.09001,88.61213,final
1999-05-11,1,2228,NG023,952.0,64.2563,52.34923,142.51682,146.45879,241.63655,255.24962,120.76238,97.39733,94.76922,final
1999-05-21,1,2228,NG023,952.0,48.932774,59.221954,154.55777,170.61838,287.18698,310.23105,83.97872,90.85482,92.68978,final
1999-06-01,1,2228,NG023,952.0,67.538864,67.94923,180.72794,179.52042,346.24158,367.69638,99.43747,100.65441,94.243355,final
1999-06-11,1,2228,NG023,952.0,76.71534,56.49009,193.18698,183.66127,408.45587,409.36664,132.89188,105.04911,99.780205,final
1999-06-21,1,2228,NG023,952.0,82.64916,62.237534,226.90338,186.67686,485.84454,458.4997,130.3575,120.986626,105.89964,final
1999-07-01,1,2228,NG023,952.0,102.93908,65.15301,262.3036,183.88063,550.4496,492.08884,153.86237,141.51985,111.74051,final
1999-07-11,1,2228,NG023,952.0,89.98529,67.22136,275.57355,194.61191,611.27734,524.732,131.51967,140.55952,116.33757,final
1999-07-21,1,2228,NG023,952.0,126.257355,73.7999,319.18173,206.17427,700.6428,563.4695,166.57047,153.51384,124.130295,final
1999-08-01,1,2228,NG023,952.0,57.565125,65.67948,273.80777,206.70074,716.8393,570.1018,88.5195,131.699,125.515045,final
1999-08-11,1,2228,NG023,952.0,128.48634,74.19377,312.30884,213.67314,781.06934,591.94635,168.55663,145.10645,131.68175,final
1999-08-21,1,2228,NG023,952.0,118.957985,95.11628,305.00946,234.98953,851.09454,627.84064,123.81401,129.17625,135.27806,final
1999-09-01,1,2228,NG023,952.0,114.68277,73.10963,362.1271,242.41968,898.2384,633.00104,153.2241,148.38234,141.5732,final
1999-09-11,1,2228,NG023,952.0,96.15336,79.24685,329.7941,247.47276,917.6766,655.7578,120.067825,132.60603,139.63914,final
1999-09-21,1,2228,NG023,952.0,68.70063,81.02357,279.53674,233.38004,903.728,674.5438,85.67493,119.362656,133.72618,final
1999-10-01,1,2228,NG023,952.0,68.91807,52.183228,233.77206,212.45364,869.70703,661.57404,129.26529,109.803665,131.22429,final
1999-10-11,1,2228,NG023,952.0,56.707985,54.911522,194.32669,188.11832,836.4297,649.2642,102.99853,103.2148,128.60701,final
1999-10-21,1,2228,NG023,952.0,64.336136,57.309803,189.96219,164.40456,774.5084,632.7741,111.27645,115.08675,122.22328,final
1999-11-01,1,2228,NG023,952.0,9.007353,6.925875,130.05147,119.1472,725.9506,574.0205,117.45347,108.78334,126.23916,final
1999-11-11,1,2228,NG023,952.0,1.6092438,1.8646709,74.952736,66.10035,599.0735,501.6914,96.279106,112.450554,119.21921,final
1999-11-21,1,2228,NG023,952.0,2.1302521,1.1265407,12.746848,9.917087,482.24576,407.7017,116.383,118.96994,118.06246,final
1999-12-01,1,2228,NG023,952.0,1.6544118,2.5570378,5.3939075,5.5482492,369.21744,337.1491,88.05582,98.536804,109.37262,final
1999-12-11,1,2228,NG023,952.0,1.2279412,1.8338585,5.012605,5.517437,274.29205,259.7361,91.13359,95.20006,105.498276,final
1999-12-21,1,2228,NG023,952.0,1.4936975,1.8489146,4.3760505,6.239811,207.08508,180.56145,94.81353,83.41823,114.29372,final
2000-01-01,1,2228,NG023,952.0,1.217437,1.4741946,3.9390757,5.2865195,139.38445,128.31317,96.034134,86.90087,108.30472,final
2000-01-11,1,2228,NG023,952.0,1.4012605,1.4584733,4.112395,4.8163867,84.077736,75.55266,99.11414,92.82839,110.58324,final
2000-01-21,1,2228,NG023,952.0,1.769958,2.1438024,4.3886557,5.0764704,21.511557,21.09545,94.76687,93.17405,101.59456,final
2000-02-01,1,2228,NG023,952.0,1.3350841,2.3435574,4.5063024,5.945833,13.839286,16.871464,86.26724,86.848595,86.136375,final
2000-02-11,1,2228,NG023,952.0,1.3802521,3.6236343,4.4852943,8.110994,13.610294,18.645973,73.98565,72.34611,78.703865,final
2000-02-21,1,2228,NG023,952.0,1.4957983,4.2405114,4.211135,10.207703,12.97584,21.755041,70.29696,60.568882,67.18674,final
2000-03-01,1,2228,NG023,952.0,2.6239495,10.483893,5.5,18.34804,13.945377,29.58039,49.237938,44.971657,54.786472,final
2000-03-11,1,2228,NG023,952.0,9.894958,14.819853,14.014706,29.544258,22.612392,42.471638,75.1517,55.04448,58.16608,final
2000-03-21,1,2228,NG023,952.0,4.4411764,13.104482,16.960083,38.40823,25.559875,53.6924,52.14829,50.589676,52.06786,final
2000-04-01,1,2228,NG023,952.0,31.671219,31.563866,46.007355,59.4882,56.013657,83.782074,100.2936,79.095634,68.722946,final
2000-04-11,1,2228,NG023,952.0,36.021008,34.57822,72.13341,79.24657,90.63341,116.90182,103.64541,91.55674,78.45117,final
2000-04-21,1,2228,NG023,952.0,32.42017,35.06236,100.1124,101.204445,121.283615,149.82037,93.40481,98.97175,81.56783,final
2000-05-01,1,2228,NG023,952.0,37.23109,59.0472,105.67227,128.68777,157.17963,206.52402,65.937454,82.78414,76.67197,final
2000-05-11,1,2228,NG023,952.0,36.445377,52.34923,106.096634,146.45879,192.24475,255.24962,72.26841,73.35107,75.790596,final
2000-05-21,1,2228,NG023,952.0,63.455883,59.221954,137.13235,170.61838,254.20483,310.23105,106.59265,80.9325,82.22694,final
2000-06-01,1,2228,NG023,952.0,100.96744,67.94923,200.8687,179.52042,352.54834,367.69638,145.2619,111.56961,95.935555,final
2000-06-11,1,2228,NG023,952.0,56.615547,56.49009,221.03888,183.66127,399.26892,409.36664,100.204025,119.81203,97.563095,final
2000-06-21,1,2228,NG023,952.0,68.2626,62.237534,225.84558,186.67686,463.09033,458.4997,108.96088,120.43476,100.990425,final
2000-07-01,1,2228,NG023,952.0,55.294117,65.15301,180.17227,183.88063,486.71323,492.08884,85.94659,98.03667,98.91858,final
2000-07-11,1,2228,NG023,952.0,47.99685,67.22136,171.55356,194.61191,498.6891,524.732,73.381134,88.44841,95.083755,final
2000-07-21,1,2228,NG023,952.0,82.97374,73.7999,186.26471,206.17427,549.2427,563.4695,111.641945,90.571976,97.49735,final
2000-08-01,1,2228,NG023,952.0,89.66282,65.67948,220.63339,206.70074,601.67444,570.1018,133.93253,106.58129,105.48992,final
2000-08-11,1,2228,NG023,952.0,76.54412,74.19377,249.1807,213.67314,641.7732,591.94635,102.96785,116.237724,108.346954,final
2000-08-21,1,2228,NG023,952.0,69.02626,95.11628,235.2332,234.98953,647.34344,627.84064,73.940285,100.10153,103.08179,final
2000-09-01,1,2228,NG023,952.0,81.23529,73.10963,226.80566,242.41968,627.6114,633.00104,110.40289,93.689255,99.15523,final
2000-09-11,1,2228,NG023,952.0,89.60189,79.24685,239.86343,247.47276,660.59766,655.7578,112.29131,96.98608,100.73247,final
2000-09-21,1,2228,NG023,952.0,67.190125,81.02357,238.02731,233.38004,659.5252,674.5438,83.91901,101.949524,97.789894,final
2000-10-01,1,2228,NG023,952.0,61.85189,52.183228,218.64392,212.45364,666.08295,661.57404,116.90822,102.8467,100.67643,final
2000-10-11,1,2228,NG023,952.0,44.906513,54.911522,173.94853,188.11832,662.9926,649.2642,83.30036,92.662636,102.0983,final
2000-10-21,1,2228,NG023,952.0,55.714287,57.309803,162.47269,164.40456,635.7332,632.7741,97.439384,98.85961,100.463974,final
2000-11-01,1,2228,NG023,952.0,3.304622,6.925875,103.92542,119.1472,549.375,574.0205,69.63532,87.73892,95.74358,final
2000-11-11,1,2228,NG023,952.0,2.8287816,1.8646709,61.84769,66.10035,475.6597,501.6914,114.04453,94.01878,94.86241,final
2000-11-21,1,2228,NG023,952.0,0.8707983,1.1265407,7.004202,9.917087,407.50424,407.7017,95.82566,80.47283,99.952156,final
2000-12-01,1,2228,NG023,952.0,2.1701682,2.5570378,5.869748,5.5482492,328.43912,337.1491,94.88066,103.04788,97.45433,final
2000-12-11,1,2228,NG023,952.0,1.1785715,1.8338585,4.2195377,5.517437,240.01576,259.7361,90.41117,87.659546,92.55094,final
2000-12-21,1,2228,NG023,952.0,2.019958,1.8489146,5.3686976,6.239811,174.8456,180.56145,102.497375,92.249756,96.9197,final
2001-01-01,1,2228,NG023,952.0,1.3697479,1.4741946,4.5682774,5.2865195,114.36345,128.31317,98.38673,93.01763,89.536125,final
2001-01-11,1,2228,NG023,952.0,1.157563,1.4584733,4.547269,4.8163867,70.6145,75.55266,95.34085,97.25848,93.86966,final
2001-01-21,1,2228,NG023,952.0,2.052521,2.1438024,4.579832,5.0764704,16.952732,21.09545,98.72223,95.07131,84.12475,final
2001-02-01,1,2228,NG023,952.0,1.5945379,2.3435574,4.8046217,5.945833,15.242647,16.871464,89.800316,89.57401,92.55277,final
2001-02-11,1,2228,NG023,952.0,2.3760505,3.6236343,6.0231094,8.110994,14.789915,18.645973,85.53297,84.07532,83.692535,final
2001-02-21,1,2228,NG023,952.0,2.9863446,4.2405114,6.956933,10.207703,16.905462,21.755041,86.42752,78.62419,81.87415,final
2001-03-01,1,2228,NG023,952.0,9.922269,10.483893,15.284664,18.34804,24.657562,29.58039,96.37285,86.87952,85.76411,final
2001-03-11,1,2228,NG023,952.0,15.189075,14.819853,28.097689,29.544258,38.668068,42.471638,101.86289,95.81241,91.9877,final
2001-03-21,1,2228,NG023,952.0,12.560925,13.104482,37.672268,38.40823,49.209034,53.6924,96.99767,98.30456,92.361244,final
2001-04-01,1,2228,NG023,952.0,42.141808,31.563866,69.89181,59.4882,89.981094,83.782074,128.93004,116.13257,106.98229,final
2001-04-11,1,2228,NG023,952.0,42.316177,34.57822,97.018906,79.24657,131.13971,116.90182,119.55105,121.09562,111.6798,final
2001-04-21,1,2228,NG023,952.0,42.482143,35.06236,126.940125,101.204445,171.56934,149.82037,118.52059,124.23221,114.047874,final
2001-05-01,1,2228,NG023,952.0,53.068275,59.0472,137.86661,128.68777,223.04306,206.52402,90.664825,106.86587,107.80953,final
2001-05-11,1,2228,NG023,952.0,56.37605,52.34923,151.92647,146.45879,277.04306,255.24962,107.02157,103.610016,108.37405,final
2001-05-21,1,2228,NG023,952.0,62.068275,59.221954,171.5126,170.61838,336.12497,310.23105,104.43201,100.50919,108.21427,final
2001-06-01,1,2228,NG023,952.0,78.26471,67.94923,196.70903,179.52042,404.4674,367.69638,114.14063,109.315285,109.86621,final
2001-06-11,1,2228,NG023,952.0,49.912815,56.49009,190.24579,183.66127,439.1912,409.36664,89.30352,103.49013,107.19763,final
2001-06-21,1,2228,NG023,952.0,62.05042,62.237534,190.22794,186.67686,488.68066,458.4997,99.7217,101.85263,106.51154,final
2001-07-01,1,2228,NG023,952.0,36.136555,65.15301,148.0998,183.88063,482.67545,492.08884,58.638336,81.05637,98.10629,final
2001-07-11,1,2228,NG023,952.0,59.919117,67.22136,158.1061,194.61191,500.27838,524.732,89.88908,81.71161,95.38377,final
2001-07-21,1,2228,NG023,952.0,44.29937,73.7999,140.35504,206.17427,502.0956,563.4695,62.562733,68.831795,89.20367,final
2001-08-01,1,2228,NG023,952.0,38.1292,65.67948,142.34769,206.70074,487.15656,570.1018,61.02082,69.601875,85.57729,final
2001-08-11,1,2228,NG023,952.0,22.257353,74.19377,104.68593,213.67314,453.03784,591.94635,34.418556,50.159763,76.73015,final
2001-08-21,1,2228,NG023,952.0,69.06618,95.11628,129.45273,234.98953,460.0357,627.84064,73.980156,56.024414,73.48386,final
2001-09-01,1,2228,NG023,952.0,65.35294,73.10963,156.67648,242.41968,447.12393,633.00104,90.06949,65.34504,70.8657,final
2001-09-11,1,2228,NG023,952.0,84.38866,79.24685,218.80779,247.47276,481.59973,655.7578,106.103264,88.64631,73.64268,final
2001-09-21,1,2228,NG023,952.0,80.69118,81.02357,230.43279,233.38004,500.24054,674.5438,99.61361,98.76363,74.34996,final
2001-10-01,1,2228,NG023,952.0,26.143908,52.183228,191.22374,212.45364,490.24792,661.57404,54.463364,90.237045,74.29751,final
2001-10-11,1,2228,NG023,952.0,54.367645,54.911522,161.20273,188.11832,484.69644,649.2642,99.09219,86.062645,74.84689,final
2001-10-21,1,2228,NG023,952.0,11.786765,57.309803,92.29832,164.40456,452.18384,632.7741,26.940811,57.43548,71.68429,final
2001-11-01,1,2228,NG023,952.0,2.5262606,6.925875,68.68067,119.1472,416.58093,574.0205,63.108665,59.34944,72.809326,final
2001-11-11,1,2228,NG023,952.0,1.1617647,1.8646709,15.474791,66.10035,395.48535,501.6914,89.76052,28.797033,79.0393,final
2001-11-21,1,2228,NG023,952.0,0.64390755,1.1265407,4.331933,9.917087,327.06308,407.7017,92.12225,62.55868,80.4608,final
2001-12-01,1,2228,NG023,952.0,1.8277311,2.5570378,3.6334033,5.5482492,263.53784,337.1491,90.349304,81.846794,78.48562,final
2001-12-11,1,2228,NG023,952.0,1.7741597,1.8338585,4.245798,5.517437,180.9233,259.7361,99.12642,87.90923,70.22967,final
2001-12-21,1,2228,NG023,952.0,1.6302521,1.8489146,5.232143,6.239811,101.86239,180.56145,96.807335,91.034836,57.58868,final
2002-01-01,1,2228,NG023,952.0,1.3655462,1.4741946,4.769958,5.2865195,77.08403,128.31317,98.32182,94.978264,61.57233,final
2002-01-11,1,2228,NG023,952.0,1.1344538,1.4584733,4.130252,4.8163867,23.850842,75.55266,94.98303,93.01031,35.816128,final
2002-01-21,1,2228,NG023,952.0,1.4873949,2.1438024,3.9873948,5.0764704,13.551471,21.09545,90.81151,89.19189,71.09083,final
2002-02-01,1,2228,NG023,952.0,1.9852941,2.3435574,4.6071424,5.945833,13.010505,16.871464,95.1214,87.76986,82.34705,final
2002-02-11,1,2228,NG023,952.0,1.7468487,3.6236343,5.2195377,8.110994,13.595589,18.645973,78.23672,77.94632,78.64167,final
2002-02-21,1,2228,NG023,952.0,4.8287816,4.2405114,8.560925,10.207703,17.780462,21.755041,106.3662,89.171425,85.14456,final
2002-03-01,1,2228,NG023,952.0,18.879202,10.483893,25.454832,18.34804,34.831932,29.58039,154.21964,130.43849,115.18648,final
2002-03-11,1,2228,NG023,952.0,14.386555,14.819853,38.094536,29.544258,47.44433,42.471638,97.81381,124.75166,110.475075,final
2002-03-21,1,2228,NG023,952.0,12.069327,13.104482,45.335083,38.40823,57.883404,53.6924,94.28234,115.957466,107.140625,final
2002-04-01,1,2228,NG023,952.0,36.294117,31.563866,62.75,59.4882,92.81197,83.782074,112.93696,105.05797,110.17085,final
2002-04-11,1,2228,NG023,952.0,52.26891,34.57822,100.632355,79.24657,143.94643,116.90182,144.69803,125.38476,122.18556,final
2002-04-21,1,2228,NG023,952.0,31.30042,35.06236,119.86345,101.204445,173.75945,149.82037,90.6098,117.56895,115.46248,final
2002-05-01,1,2228,NG023,952.0,44.717438,59.0472,128.28677,128.68777,216.4916,206.52402,77.62625,99.70004,104.71227,final
2002-05-11,1,2228,NG023,952.0,52.65441,52.34923,128.67227,146.45879,267.39914,255.24962,100.532135,88.25653,104.6684,final
2002-05-21,1,2228,NG023,952.0,51.2563,59.221954,148.62814,170.61838,313.82666,310.23105,87.59669,87.4784,101.14063,final
2002-06-01,1,2228,NG023,952.0,63.389706,67.94923,167.30042,179.52042,358.33716,367.69638,93.74974,93.377426,97.48878,final
2002-06-11,1,2228,NG023,952.0,55.12605,56.49009,169.77206,183.66127,399.07666,409.36664,97.781685,92.63802,97.5167,final
2002-06-21,1,2228,NG023,952.0,39.386555,62.237534,157.90231,186.67686,426.3939,458.4997,66.01455,84.98799,93.07318,final
2002-07-01,1,2228,NG023,952.0,81.18067,65.15301,175.69327,183.88063,471.28046,492.08884,122.846725,95.66532,95.81396,final
2002-07-11,1,2228,NG023,952.0,66.693275,67.22136,187.2605,194.61191,485.70483,524.732,99.2688,96.31715,92.63266,final
2002-07-21,1,2228,NG023,952.0,108.79412,73.7999,256.66806,206.17427,563.1985,563.4695,144.40898,123.91095,99.95233,final
2002-08-01,1,2228,NG023,952.0,76.13866,65.67948,251.62605,206.70074,594.61975,570.1018,114.798035,121.22114,104.26324,final
2002-08-11,1,2228,NG023,952.0,70.143906,74.19377,255.07668,213.67314,612.10925,591.94635,94.88613,118.933975,103.37768,final
2002-08-21,1,2228,NG023,952.0,76.92437,95.11628,223.20694,234.98953,637.77734,627.84064,81.82922,95.09037,101.570175,final
2002-09-01,1,2228,NG023,952.0,66.70903,73.10963,213.7773,242.41968,641.0967,633.00104,91.805626,88.42356,101.26891,final
2002-09-11,1,2228,NG023,952.0,63.508404,79.24685,207.1418,247.47276,649.47906,655.7578,81.31866,84.02561,99.04977,final
2002-09-21,1,2228,NG023,952.0,86.14286,81.02357,216.36029,233.38004,696.23535,674.5438,105.951035,92.860245,103.19207,final
2002-10-01,1,2228,NG023,952.0,49.82143,52.183228,199.47269,212.45364,664.8761,661.57404,95.869774,94.03047,100.49538,final
2002-10-11,1,2228,NG023,952.0,45.338234,54.911522,181.30252,188.11832,643.521,649.2642,84.02096,96.470665,99.122185,final
2002-10-21,1,2228,NG023,952.0,97.489494,57.309803,192.64917,164.40456,632.2164,632.7741,164.48373,116.672874,99.91255,final
2002-11-01,1,2228,NG023,952.0,8.311975,6.925875,151.13971,119.1472,564.38965,574.0205,111.622635,125.76982,98.3367,final
2002-11-11,1,2228,NG023,952.0,1.2258403,1.8646709,107.027306,66.10035,495.47165,501.6914,90.69395,157.56224,98.77248,final
2002-11-21,1,2228,NG023,952.0,0.7342437,1.1265407,10.2720585,9.917087,419.28152,407.7017,93.59676,102.37963,102.80586,final
2002-12-01,1,2228,NG023,952.0,1.9663866,2.5570378,3.9264705,5.5482492,354.53888,337.1491,92.18409,84.625145,105.08251,final
2002-12-11,1,2228,NG023,952.0,1.6281513,1.8338585,4.3287816,5.517437,292.65863,259.7361,96.98988,88.698235,112.435974,final
2002-12-21,1,2228,NG023,952.0,1.670168,1.8489146,5.2647057,6.239811,208.18594,180.56145,97.390144,91.32454,114.88698,final
2003-01-01,1,2228,NG023,952.0,1.3771008,1.4741946,4.6754203,5.2865195,159.74161,128.31317,98.5003,94.05922,123.57489,final
2003-01-11,1,2228,NG023,952.0,2.4789915,1.4584733,5.5262604,4.8163867,116.88234,75.55266,115.80122,107.23151,151.30765,final
2003-01-21,1,2228,NG023,952.0,2.6491597,2.1438024,6.505252,5.0764704,22.042017,21.09545,107.07406,114.17938,103.62733,final
2003-02-01,1,2228,NG023,952.0,1.4768908,2.3435574,6.6050415,5.945833,15.206932,16.871464,88.198265,106.02245,92.38948,final
2003-02-11,1,2228,NG023,952.0,3.9411764,3.6236343,8.067226,8.110994,17.922268,18.645973,103.682236,99.666176,96.939415,final
2003-02-21,1,2228,NG023,952.0,6.40021,4.2405114,11.818277,10.207703,23.588234,21.755041,123.37206,110.590515,106.85177,final
2003-03-01,1,2228,NG023,952.0,10.148109,10.483893,20.489496,18.34804,31.769958,29.58039,97.8314,109.17189,106.33181,final
2003-03-11,1,2228,NG023,952.0,9.588235,14.819853,26.136555,29.544258,39.73004,42.471638,73.60416,90.135254,94.22477,final
2003-03-21,1,2228,NG023,952.0,8.709034,13.104482,28.445377,38.40823,46.768906,53.6924,75.72178,77.04847,88.20376,final
2003-04-01,1,2228,NG023,952.0,38.2542,31.563866,56.551468,59.4882,83.64601,83.782074,118.29767,95.44608,99.84674,final
2003-04-11,1,2228,NG023,952.0,44.50315,34.57822,91.466385,79.24657,125.670166,116.90182,125.076744,114.50483,107.192955,final
2003-04-21,1,2228,NG023,952.0,13.340336,35.06236,96.09769,101.204445,136.36134,149.82037,45.77947,95.19158,91.30668,final
2003-05-01,1,2228,NG023,952.0,28.238445,59.0472,86.08193,128.68777,163.12291,206.52402,51.896797,68.13034,79.48171,final
2003-05-11,1,2228,NG023,952.0,54.335083,52.34923,95.913864,146.45879,213.51682,255.24962,103.46273,66.62794,83.96431,final
2003-05-21,1,2228,NG023,952.0,66.77416,59.221954,149.34769,170.61838,273.89075,310.23105,111.759544,87.888115,88.471855,final
2003-06-01,1,2228,NG023,952.0,90.96744,67.94923,212.07669,179.52042,354.71008,367.69638,131.55374,117.64372,96.51559,final
2003-06-11,1,2228,NG023,952.0,54.31933,56.49009,212.06094,183.66127,399.4412,409.36664,96.469734,115.05326,97.60467,final
2003-06-21,1,2228,NG023,952.0,66.795166,62.237534,212.08194,186.67686,457.5273,458.4997,106.778404,113.25412,99.79021,final
2003-07-01,1,2228,NG023,952.0,73.65966,65.15301,194.77415,183.88063,492.9328,492.08884,112.12586,105.76742,100.16978,final
2003-07-11,1,2228,NG023,952.0,89.43592,67.22136,229.89075,194.61191,537.86554,524.732,130.75899,117.67372,102.47928,final
2003-07-21,1,2228,NG023,952.0,48.17647,73.7999,211.27205,206.17427,572.70166,563.4695,67.48292,102.41401,101.62404,final
2003-08-01,1,2228,NG023,952.0,33.188026,65.67948,170.80042,206.70074,577.6513,570.1018,54.029865,83.04194,101.31272,final
2003-08-11,1,2228,NG023,952.0,103.77941,74.19377,185.14392,213.67314,627.09564,591.94635,137.35855,86.95348,105.88819,final
2003-08-21,1,2228,NG023,952.0,67.94118,95.11628,204.90862,234.98953,628.2626,627.84064,72.85646,87.46574,100.06667,final
2003-09-01,1,2228,NG023,952.0,59.52731,73.10963,231.2479,242.41968,596.82245,633.00104,82.61121,95.48468,94.329384,final
2003-09-11,1,2228,NG023,952.0,77.20903,79.24685,204.67752,247.47276,619.71216,655.7578,97.58114,83.04956,94.5448,final
2003-09-21,1,2228,NG023,952.0,111.92332,81.02357,248.65967,233.38004,664.84033,674.5438,135.92009,106.409775,98.57206,final
2003-10-01,1,2228,NG023,952.0,33.89496,52.183228,223.02731,212.45364,625.0756,661.57404,68.01813,104.8625,94.524475,final
2003-10-11,1,2228,NG023,952.0,68.125,54.911522,213.94327,188.11832,603.76465,649.2642,122.054985,113.3726,93.045685,final
2003-10-21,1,2228,NG023,952.0,25.194328,57.309803,127.21429,164.40456,580.7826,632.7741,48.458393,78.046486,91.84798,final
2003-11-01,1,2228,NG023,952.0,11.907563,6.925875,105.22689,119.1472,559.5021,574.0205,141.7721,88.787254,97.492584,final
2003-11-11,1,2228,NG023,952.0,2.7426472,1.8646709,39.844536,66.10035,458.46533,501.6914,112.78979,63.072174,91.468956,final
2003-11-21,1,2228,NG023,952.0,0.7237395,1.1265407,15.37395,9.917087,391.2479,407.7017,93.42531,136.5813,96.01315,final
2003-12-01,1,2228,NG023,952.0,1.9128151,2.5570378,5.379202,5.5482492,333.6334,337.1491,91.4752,98.39739,98.972466,final
2003-12-11,1,2228,NG023,952.0,1.9411764,1.8338585,4.577731,5.517437,258.36554,259.7361,101.57038,91.065254,99.482285,final
2003-12-21,1,2228,NG023,952.0,1.6659664,1.8489146,5.519958,6.239811,148.1082,180.56145,97.3288,93.59551,82.51078,final
2004-01-01,1,2228,NG023,952.0,1.3813025,1.4741946,4.9884453,5.2865195,115.59454,128.31317,98.56519,97.10228,90.45959,final
2004-01-11,1,2228,NG023,952.0,1.9453782,1.4584733,4.992647,4.8163867,49.414913,75.55266,107.53901,101.79556,67.55198,final
2004-01-21,1,2228,NG023,952.0,1.6827731,2.1438024,5.009454,5.0764704,25.903362,21.09545,93.54644,99.33492,118.42433,final
2004-02-01,1,2228,NG023,952.0,2.1722689,2.3435574,5.8004203,5.945833,16.168068,16.871464,97.667496,98.671524,96.78395,final
2004-02-11,1,2228,NG023,952.0,2.0556722,3.6236343,5.910714,8.110994,15.481092,18.645973,81.81785,83.21805,86.61556,final
2004-02-21,1,2228,NG023,952.0,2.817227,4.2405114,7.045168,10.207703,17.57458,21.755041,84.59734,79.204384,84.375046,final
2004-03-01,1,2228,NG023,952.0,12.768908,10.483893,17.641808,18.34804,28.430672,29.58039,114.75736,96.9752,96.67523,final
2004-03-11,1,2228,NG023,952.0,3.5441177,14.819853,19.13025,29.544258,30.033611,42.471638,43.108887,69.85314,73.79904,final
2004-03-21,1,2228,NG023,952.0,5.019958,13.104482,21.332983,38.40823,33.387604,53.6924,55.345184,60.663574,65.404724,final
2004-04-01,1,2228,NG023,952.0,53.2479,31.563866,61.811974,59.4882,85.254196,83.782074,159.30453,103.6034,101.65813,final
2004-04-11,1,2228,NG023,952.0,19.091387,34.57822,77.359245,79.24657,102.40021,116.90182,60.870316,97.759766,88.10386,final
2004-04-21,1,2228,NG023,952.0,36.784664,35.06236,109.12395,101.204445,137.5021,149.82037,104.29906,107.45685,92.04351,final
2004-05-01,1,2228,NG023,952.0,53.516808,59.0472,109.39286,128.68777,188.84665,206.52402,91.365135,85.567184,91.64285,final
2004-05-11,1,2228,NG023,952.0,58.358192,52.34923,148.65967,146.45879,245.14914,255.24962,110.477844,101.453125,96.11892,final
2004-05-21,1,2228,NG023,952.0,72.60189,59.221954,184.4769,170.61838,314.9338,310.23105,120.8339,107.89127,101.491844,final
2004-06-01,1,2228,NG023,952.0,86.07773,67.94923,217.03781,179.52042,388.24265,367.69638,124.850845,120.33238,105.51287,final
2004-06-11,1,2228,NG023,952.0,40.89496,56.49009,199.57458,183.66127,425.59348,409.36664,74.63798,108.43485,103.91606,final
2004-06-21,1,2228,NG023,952.0,52.65126,62.237534,179.62395,186.67686,473.2248,458.4997,85.742676,96.32041,103.17694,final
2004-07-01,1,2228,NG023,952.0,77.94223,65.15301,171.48845,183.88063,497.9191,492.08884,118.23048,93.43914,101.172874,final
2004-07-11,1,2228,NG023,952.0,60.73004,67.22136,191.32353,194.61191,539.55774,524.732,91.01191,98.352615,102.79872,final
2004-07-21,1,2228,NG023,952.0,69.17542,73.7999,207.84769,206.17427,571.94855,563.4695,94.13137,100.792435,101.49156,final
2004-08-01,1,2228,NG023,952.0,41.153362,65.67948,171.05882,206.70074,559.58514,570.1018,65.29952,83.16401,98.17134,final
2004-08-11,1,2228,NG023,952.0,28.153362,74.19377,138.48215,213.67314,529.38025,591.94635,41.863598,65.61489,89.518974,final
2004-08-21,1,2228,NG023,952.0,99.27626,95.11628,168.58298,234.98953,556.05457,627.84064,104.15514,72.3294,88.65653,final
2004-09-01,1,2228,NG023,952.0,53.90021,73.10963,181.32983,242.41968,523.8771,633.00104,75.40711,75.30922,82.89596,final
2004-09-11,1,2228,NG023,952.0,92.01996,79.24685,245.19643,247.47276,575.0021,655.7578,115.16153,99.09838,87.77832,final
2004-09-21,1,2228,NG023,952.0,97.72269,81.02357,243.64285,233.38004,620.0735,674.5438,119.412254,104.30523,91.984276,final
2004-10-01,1,2228,NG023,952.0,36.70483,52.183228,226.44748,212.45364,578.8362,661.57404,72.93193,106.435326,87.58759,final
2004-10-11,1,2228,NG023,952.0,57.293068,54.911522,191.72058,188.11832,575.3992,649.2642,103.975105,101.86532,88.71021,final
2004-10-21,1,2228,NG023,952.0,57.888657,57.309803,151.88655,164.40456,564.11237,632.7741,100.929,92.61059,89.23416,final
2004-11-01,1,2228,NG023,952.0,4.430672,6.925875,119.6124,119.1472,527.3897,574.0205,79.0774,100.37471,91.94661,final
2004-11-11,1,2228,NG023,952.0,1.6733193,1.8646709,63.99265,66.10035,500.90964,501.6914,97.21252,97.03559,99.84571,final
2004-11-21,1,2228,NG023,952.0,0.8172269,1.1265407,6.9212184,9.917087,402.45062,407.7017,94.95125,79.916534,98.72764,final
2004-12-01,1,2228,NG023,952.0,1.7930672,2.5570378,4.283613,5.5482492,350.34348,337.1491,89.8906,88.01094,103.85632,final
2004-12-11,1,2228,NG023,952.0,1.545168,1.8338585,4.1554623,5.517437,259.86868,259.7361,95.77559,87.050316,100.05008,final
2004-12-21,1,2228,NG023,952.0,3.017857,1.8489146,6.3560925,6.239811,165.16386,180.56145,117.06755,101.034546,91.70216,final
2005-01-01,1,2228,NG023,952.0,1.4989495,1.4741946,6.0619745,5.2865195,129.95798,128.31317,100.38236,107.53854,101.233795,final
2005-01-11,1,2228,NG023,952.0,1.0168067,1.4584733,5.533613,4.8163867,73.681725,75.55266,93.16144,107.30642,97.67738,final
2005-01-21,1,2228,NG023,952.0,2.375,2.1438024,4.890756,5.0764704,18.168068,21.09545,103.23633,98.15696,88.78203,final
2005-02-01,1,2228,NG023,952.0,5.355042,2.3435574,8.746849,5.945833,19.092436,16.871464,141.00851,125.58979,110.154655,final
2005-02-11,1,2228,NG023,952.0,1.9380252,3.6236343,9.668067,8.110994,19.357141,18.645973,80.45361,111.87608,103.00757,final
2005-02-21,1,2228,NG023,952.0,6.6186976,4.2405114,13.911764,10.207703,25.158613,21.755041,125.736534,124.35648,112.72124,final
2005-03-01,1,2228,NG023,952.0,18.306723,10.483893,26.863445,18.34804,41.672268,29.58039,150.52237,136.4716,134.96744,final
2005-03-11,1,2228,NG023,952.0,20.429623,14.819853,45.35504,29.544258,60.55672,42.471638,128.30379,145.76964,138.09659,final
2005-03-21,1,2228,NG023,952.0,12.141807,13.104482,50.87815,38.40823,69.68067,53.6924,94.68268,128.7271,127.240776,final
2005-04-01,1,2228,NG023,952.0,11.156512,31.563866,43.727943,59.4882,79.338234,83.782074,44.187103,75.56102,94.99467,final
2005-04-11,1,2228,NG023,952.0,31.935925,34.57822,55.234245,79.24657,110.257355,116.90182,93.32386,71.49757,94.54933,final
2005-04-21,1,2228,NG023,952.0,51.318275,35.06236,94.41071,101.204445,159.20062,149.82037,140.57652,93.60316,106.0588,final
2005-05-01,1,2228,NG023,952.0,60.06933,59.0472,143.32352,128.68777,213.91492,206.52402,101.5959,110.94771,103.49412,final
2005-05-11,1,2228,NG023,952.0,35.25,52.34923,146.6376,146.45879,247.2269,255.24962,70.18403,100.118065,96.91729,final
2005-05-21,1,2228,NG023,952.0,46.864494,59.221954,142.18382,170.61838,287.4727,310.23105,80.7582,83.80889,92.78042,final
2005-06-01,1,2228,NG023,952.0,57.346638,67.94923,139.46114,179.52042,326.5126,367.69638,85.4658,78.290054,88.949776,final
2005-06-11,1,2228,NG023,952.0,63.64811,56.49009,167.85925,183.66127,369.7311,409.36664,111.64093,91.62414,90.43467,final
2005-06-21,1,2228,NG023,952.0,60.063026,62.237534,181.05777,186.67686,417.6523,458.4997,96.76594,97.06845,91.18719,final
2005-07-01,1,2228,NG023,952.0,79.15966,65.15301,202.87079,183.88063,485.65546,492.08884,119.965866,110.054054,98.70579,final
2005-07-11,1,2228,NG023,952.0,63.0063,67.22136,202.22899,194.61191,516.7258,524.732,94.1637,103.81595,98.48864,final
2005-07-21,1,2228,NG023,952.0,55.117645,73.7999,197.2836,206.17427,520.52515,563.4695,76.291534,95.789894,92.445625,final
2005-08-01,1,2228,NG023,952.0,12.243697,65.67948,130.36765,206.70074,472.6996,570.1018,24.397036,63.94292,83.063484,final
2005-08-11,1,2228,NG023,952.0,24.171219,74.19377,91.53256,213.67314,461.6208,591.94635,36.835243,44.14468,78.16796,final
2005-08-21,1,2228,NG023,952.0,89.26786,95.11628,125.68278,234.98953,504.02414,627.84064,94.15838,54.45353,80.43481,final
2005-09-01,1,2228,NG023,952.0,64.58088,73.10963,178.01996,242.41968,511.25833,633.00104,89.081055,73.971466,80.9181,final
2005-09-11,1,2228,NG023,952.0,75.420166,79.24685,229.2689,247.47276,523.0304,655.7578,95.45777,92.78977,79.91285,final
2005-09-21,1,2228,NG023,952.0,73.30462,81.02357,213.30566,233.38004,536.27203,674.5438,91.02694,91.578835,79.65226,final
2005-10-01,1,2228,NG023,952.0,55.455883,52.183228,204.18068,212.45364,512.5683,661.57404,105.72311,96.195526,77.646034,final
2005-10-11,1,2228,NG023,952.0,52.29832,54.911522,181.05882,188.11832,501.86026,649.2642,95.63824,96.34447,77.470276,final
2005-10-21,1,2228,NG023,952.0,35.19853,57.309803,142.95273,164.40456,481.94116,632.7741,64.51397,87.33692,76.3501,final
2005-11-01,1,2228,NG023,952.0,8.452731,6.925875,95.94958,119.1472,478.15018,574.0205,112.80289,81.31442,83.44267,final
2005-11-11,1,2228,NG023,952.0,1.0210084,1.8646709,44.672268,66.10035,454.99994,501.6914,87.71008,69.8622,90.78503,final
2005-11-21,1,2228,NG023,952.0,1.2521008,1.1265407,10.725841,9.917087,366.9842,407.7017,102.049446,105.42166,90.13392,final
2005-12-01,1,2228,NG023,952.0,2.0451682,2.5570378,4.3182774,5.5482492,304.44852,337.1491,93.226585,88.33956,90.44259,final
2005-12-11,1,2228,NG023,952.0,3.2531512,1.8338585,6.55042,5.517437,232.28152,259.7361,120.76853,109.82162,89.629456,final
2005-12-21,1,2228,NG023,952.0,1.6533613,1.8489146,6.9516807,6.239811,160.63026,180.56145,97.14475,106.33347,89.25899,final
2006-01-01,1,2228,NG023,952.0,2.3235295,1.4741946,7.2300415,5.2865195,107.497894,128.31317,113.11877,118.893875,84.386185,final
2006-01-11,1,2228,NG023,952.0,1.4117647,1.4584733,5.3886557,4.8163867,56.611347,75.55266,99.27679,105.82973,76.4858,final
2006-01-21,1,2228,NG023,952.0,3.6092436,2.1438024,7.3445377,5.0764704,25.022058,21.09545,120.51345,122.50855,115.0471,final
2006-02-01,1,2228,NG023,952.0,2.1008403,2.3435574,7.121849,5.945833,18.670168,16.871464,96.69483,110.743965,108.223976,final
2006-02-11,1,2228,NG023,952.0,6.2163863,3.6236343,11.92647,8.110994,23.865545,18.645973,130.06566,129.10135,122.07383,final
2006-02-21,1,2228,NG023,952.0,4.292017,4.2405114,12.609243,10.207703,26.905462,21.755041,100.557396,115.79161,119.25028,final
2006-03-01,1,2228,NG023,952.0,12.510504,10.483893,23.018908,18.34804,37.370796,29.58039,113.0885,120.005394,122.52839,final
2006-03-11,1,2228,NG023,952.0,23.326681,14.819853,40.129204,29.544258,57.44433,42.471638,142.92075,130.6417,131.54028,final
2006-03-21,1,2228,NG023,952.0,14.834034,13.104482,50.67122,38.40823,70.625,53.6924,109.553185,128.25037,128.84973,final
2006-04-01,1,2228,NG023,952.0,19.34874,31.563866,57.509453,59.4882,87.65021,83.782074,66.592354,96.93161,104.35689,final
2006-04-11,1,2228,NG023,952.0,11.036765,34.57822,45.21954,79.24657,97.275215,116.90182,40.51917,59.610195,83.899666,final
2006-04-21,1,2228,NG023,952.0,41.17122,35.06236,71.556725,101.204445,134.83719,149.82037,115.24838,72.0843,90.32221,final
2006-05-01,1,2228,NG023,952.0,54.994747,59.0472,107.20273,128.68777,187.73111,206.52402,93.672714,83.92894,91.11548,final
2006-05-11,1,2228,NG023,952.0,52.35189,52.34923,148.51785,146.45879,233.86661,255.24962,100.00464,101.35949,91.783646,final
2006-05-21,1,2228,NG023,952.0,67.286766,59.221954,174.63339,170.61838,296.86136,310.23105,112.557724,102.28622,95.758766,final
2006-06-01,1,2228,NG023,952.0,83.78151,67.94923,203.42017,179.52042,368.1324,367.69638,121.70316,112.95236,100.11699,final
2006-06-11,1,2228,NG023,952.0,64.85819,56.49009,215.92645,183.66127,409.66385,409.36664,113.608864,117.10218,100.07173,final
2006-06-21,1,2228,NG023,952.0,66.94748,62.237534,215.58719,186.67686,461.77728,458.4997,107.004944,115.08285,100.70714,final
2006-07-01,1,2228,NG023,952.0,36.782562,65.15301,168.58823,183.88063,479.21115,492.08884,59.55919,91.90367,97.40938,final
2006-07-11,1,2228,NG023,952.0,107.260506,67.22136,210.99054,194.61191,575.4349,524.732,155.43948,108.20524,109.57142,final
2006-07-21,1,2228,NG023,952.0,66.35504,73.7999,210.3981,206.17427,600.6187,563.4695,90.55221,102.00017,106.53496,final
2006-08-01,1,2228,NG023,952.0,120.94853,65.67948,294.5641,206.70074,666.57245,570.1018,178.19675,141.50356,116.774536,final
2006-08-11,1,2228,NG023,952.0,48.817226,74.19377,236.1208,213.67314,663.0378,591.94635,67.95639,110.265396,111.90919,final
2006-08-21,1,2228,NG023,952.0,106.90021,95.11628,276.66595,234.98953,702.65125,627.84064,111.77023,117.36594,111.8214,final
2006-09-01,1,2228,NG023,952.0,90.21849,73.10963,245.93593,242.41968,709.08826,633.00104,121.903656,101.421165,111.92587,final
2006-09-11,1,2228,NG023,952.0,60.27206,79.24685,257.39075,247.47276,704.50214,655.7578,77.47716,103.92834,107.37703,final
2006-09-21,1,2228,NG023,952.0,95.54412,81.02357,246.03467,233.38004,733.0987,674.5438,116.87974,105.30859,108.61679,final
2006-10-01,1,2228,NG023,952.0,68.30567,52.183228,224.12186,212.45364,764.6218,661.57404,128.19435,105.36584,115.45931,final
2006-10-11,1,2228,NG023,952.0,90.23319,54.911522,254.08298,188.11832,747.59454,649.2642,158.95639,134.15764,115.029144,final
2006-10-21,1,2228,NG023,952.0,52.4979,57.309803,211.03676,164.40456,733.7374,632.7741,92.27745,127.52713,115.830574,final
2006-11-01,1,2228,NG023,952.0,6.2069325,6.925875,148.93803,119.1472,618.9958,574.0205,93.97157,123.996376,107.76747,final
2006-11-11,1,2228,NG023,952.0,1.1638656,1.8646709,59.868694,66.10035,571.3424,501.6914,89.79113,91.23541,113.74624,final
2006-11-21,1,2228,NG023,952.0,0.7668067,1.1265407,8.137605,9.917087,465.20905,407.7017,94.128265,88.07085,113.934364,final
2006-12-01,1,2228,NG023,952.0,1.9464285,2.5570378,3.877101,5.5482492,376.937,337.1491,91.91999,84.157104,111.628815,final
2006-12-11,1,2228,NG023,952.0,1.4527311,1.8338585,4.1659665,5.517437,318.11768,259.7361,94.42295,87.150185,122.05274,final
2006-12-21,1,2228,NG023,952.0,1.5987395,1.8489146,4.997899,6.239811,224.17226,180.56145,96.34723,88.950775,123.50209,final
2007-01-01,1,2228,NG023,952.0,1.3718487,1.4741946,4.4233193,5.2865195,157.23843,128.31317,98.419174,91.60842,121.69722,final
2007-01-11,1,2228,NG023,952.0,1.0945379,1.4584733,4.065126,4.8163867,68.099785,75.55266,94.365,92.34687,90.747826,final
2007-01-21,1,2228,NG023,952.0,1.4422269,2.1438024,3.9086134,5.0764704,17.044117,21.09545,90.17924,88.41006,84.474945,final
2007-02-01,1,2228,NG023,952.0,5.240546,2.3435574,7.777311,5.945833,16.077732,16.871464,139.44939,116.73219,96.370926,final
2007-02-11,1,2228,NG023,952.0,2.8445377,3.6236343,9.527311,8.110994,17.758404,18.645973,90.96556,110.80252,96.24643,final
2007-02-21,1,2228,NG023,952.0,5.927521,4.2405114,14.012606,10.207703,22.919117,21.755041,118.256676,125.01958,104.35087,final
2007-03-01,1,2228,NG023,952.0,2.570378,10.483893,11.342437,18.34804,23.543066,29.58039,48.891956,69.9949,82.54119,final
2007-03-11,1,2228,NG023,952.0,3.0567226,14.819853,11.554622,29.544258,25.147058,42.471638,40.64976,47.922935,63.50541,final
2007-03-21,1,2228,NG023,952.0,18.304623,13.104482,23.931725,38.40823,41.852943,53.6924,128.72296,66.65032,79.82795,final
2007-04-01,1,2228,NG023,952.0,27.788866,31.563866,49.15021,59.4882,68.26996,83.782074,89.67559,83.96917,82.52788,final
2007-04-11,1,2228,NG023,952.0,30.358192,34.57822,76.45168,79.24657,97.533615,116.90182,89.3375,96.682495,84.11163,final
2007-04-21,1,2228,NG023,952.0,42.07983,35.06236,100.22688,101.204445,138.17122,149.82037,117.51637,99.07955,92.47569,final
2007-05-01,1,2228,NG023,952.0,62.817226,59.0472,135.25525,128.68777,195.7479,206.52402,105.88634,104.912544,94.90549,final
2007-05-11,1,2228,NG023,952.0,55.717438,52.34923,160.6145,146.45879,248.6208,255.24962,105.873146,109.346245,97.452896,final
2007-05-21,1,2228,NG023,952.0,58.786766,59.221954,177.32144,170.61838,301.48004,310.23105,99.322365,103.81683,97.22394,final
2007-06-01,1,2228,NG023,952.0,71.829834,67.94923,186.33405,179.52042,370.7395,367.69638,105.319595,103.69261,100.81651,final
2007-06-11,1,2228,NG023,952.0,53.69643,56.49009,184.31303,183.66127,421.3792,409.36664,95.45673,100.34547,102.89902,final
2007-06-21,1,2228,NG023,952.0,41.310925,62.237534,166.83719,186.67686,444.3855,458.4997,68.876595,89.649414,96.954865,final
2007-07-01,1,2228,NG023,952.0,20.019958,65.15301,115.02731,183.88063,436.6166,492.08884,35.66484,63.54665,88.840576,final
2007-07-11,1,2228,NG023,952.0,78.079834,67.22136,139.41072,194.61191,484.33826,524.732,115.03499,72.34575,92.37468,final
2007-07-21,1,2228,NG023,952.0,115.61975,73.7999,213.71954,206.17427,557.8782,563.4695,153.07095,103.57301,99.016426,final
2007-08-01,1,2228,NG023,952.0,44.263657,65.67948,237.96324,206.70074,539.3246,570.1018,69.70008,114.7673,94.648384,final
2007-08-11,1,2228,NG023,952.0,103.135506,74.19377,263.01892,213.67314,586.7427,591.94635,136.54547,122.565994,99.12828,final
2007-08-21,1,2228,NG023,952.0,146.7605,95.11628,294.15967,234.98953,674.7164,627.84064,151.58423,124.6553,107.40719,final
2007-09-01,1,2228,NG023,952.0,94.184875,73.10963,344.08087,242.41968,697.0714,633.00104,126.98163,141.08856,110.04236,final
2007-09-11,1,2228,NG023,952.0,85.33718,79.24685,326.28256,247.47276,728.71216,655.7578,107.22915,131.21516,111.04101,final
2007-09-21,1,2228,NG023,952.0,96.70168,81.02357,276.22375,233.38004,784.1029,674.5438,118.22537,117.97286,116.12245,final
2007-10-01,1,2228,NG023,952.0,47.17857,52.183228,229.21744,212.45364,811.26154,661.57404,91.24803,107.70914,122.45624,final
2007-10-11,1,2228,NG023,952.0,49.135506,54.911522,193.01575,188.11832,782.3172,649.2642,90.35909,102.53597,120.33627,final
2007-10-21,1,2228,NG023,952.0,73.85714,57.309803,170.1712,164.40456,740.5546,632.7741,126.55655,103.40407,116.899475,final
2007-11-01,1,2228,NG023,952.0,9.639706,6.925875,132.63235,119.1472,705.93066,574.0205,122.75583,110.86223,122.7816,final
2007-11-11,1,2228,NG023,952.0,3.2920167,1.8646709,86.78886,66.10035,606.08716,501.6914,120.79264,129.09761,120.60342,final
2007-11-21,1,2228,NG023,952.0,1.2258403,1.1265407,14.157563,9.917087,460.55252,407.7017,101.62082,128.42697,112.80606,final
2007-12-01,1,2228,NG023,952.0,3.8329833,2.5570378,8.350841,5.5482492,370.20062,337.1491,116.88419,126.56926,109.65997,final
2007-12-11,1,2228,NG023,952.0,1.4579831,1.8338585,6.5168066,5.517437,286.3214,259.7361,94.49981,109.50203,110.04219,final
2007-12-21,1,2228,NG023,952.0,1.6060925,1.8489146,6.897059,6.239811,191.22583,180.56145,96.45459,105.8475,105.74709,final
2008-01-01,1,2228,NG023,952.0,1.4653361,1.4741946,4.5294113,5.2865195,145.5126,128.31317,99.863174,92.6398,112.90152,final
2008-01-11,1,2228,NG023,952.0,1.1144958,1.4584733,4.1859245,4.8163867,97.49159,75.55266,94.67401,93.577446,127.23552,final
2008-01-21,1,2228,NG023,952.0,1.3760505,2.1438024,3.9558823,5.0764704,25.010506,21.09545,89.25289,88.87916,115.00284,final
2008-02-01,1,2228,NG023,952.0,1.5472689,2.3435574,4.037815,5.945833,16.918068,16.871464,89.15664,82.56854,100.21309,final
2008-02-11,1,2228,NG023,952.0,1.7857143,3.6236343,4.7090335,8.110994,15.411764,18.645973,78.68741,74.05261,86.322365,final
2008-02-21,1,2228,NG023,952.0,2.107143,4.2405114,5.440126,10.207703,16.293068,21.755041,76.91288,68.65025,79.58525,final
2008-03-01,1,2228,NG023,952.0,14.430673,10.483893,18.32353,18.34804,26.890755,29.58039,125.48957,99.89503,92.22208,final
2008-03-11,1,2228,NG023,952.0,10.301471,14.819853,26.839287,29.544258,35.734245,42.471638,77.20275,92.16955,85.80754,final
2008-03-21,1,2228,NG023,952.0,10.983193,13.104482,35.715336,38.40823,45.111343,53.6924,88.28308,93.79635,85.37961,final
2008-04-01,1,2228,NG023,952.0,46.72689,31.563866,68.01155,59.4882,90.372894,83.782074,141.46997,113.21691,107.42359,final
2008-04-11,1,2228,NG023,952.0,24.388655,34.57822,82.09874,79.24657,113.647064,116.90182,74.254616,103.385506,97.330025,final
2008-04-21,1,2228,NG023,952.0,33.361343,35.06236,104.47689,101.204445,145.63235,149.82037,95.75408,103.081276,97.294914,final
2008-05-01,1,2228,NG023,952.0,48.3687,59.0472,106.1187,128.68777,192.45378,206.52402,83.32714,83.11807,93.34816,final
2008-05-11,1,2228,NG023,952.0,69.05567,52.34923,150.7857,146.45879,259.72375,255.24962,129.13107,102.85683,101.71916,final
2008-05-21,1,2228,NG023,952.0,82.11134,59.221954,199.5357,170.61838,339.72797,310.23105,135.64107,116.465996,109.35724,final
2008-06-01,1,2228,NG023,952.0,80.213234,67.94923,231.38025,179.52042,405.51047,367.69638,116.81171,128.1052,110.14608,final
2008-06-11,1,2228,NG023,952.0,39.887604,56.49009,202.21219,183.66127,435.09662,409.36664,72.99974,109.83292,106.20947,final
2008-06-21,1,2228,NG023,952.0,82.893906,62.237534,202.99475,186.67686,507.00732,458.4997,130.72148,108.51322,110.465515,final
2008-07-01,1,2228,NG023,952.0,60.80252,65.15301,183.58403,183.88063,521.083,492.08884,93.79857,99.84297,105.832794,final
2008-07-11,1,2228,NG023,952.0,65.01786,67.22136,208.7143,194.61191,561.71216,524.732,96.94897,107.0649,106.98092,final
2008-07-21,1,2228,NG023,952.0,113.22479,73.7999,239.04517,206.17427,641.5756,563.4695,150.03166,115.565765,113.73973,final
2008-08-01,1,2228,NG023,952.0,73.08929,65.67948,251.33194,206.70074,666.2962,570.1018,110.48367,121.082214,116.726494,final
2008-08-11,1,2228,NG023,952.0,69.07353,74.19377,255.38762,213.67314,666.3141,591.94635,93.53454,119.07618,112.45802,final
2008-08-21,1,2228,NG023,952.0,129.81932,95.11628,271.98212,234.98953,714.0221,627.84064,134.66273,115.41425,113.618195,final
2008-09-01,1,2228,NG023,952.0,85.829834,73.10963,284.7227,242.41968,719.6387,633.00104,116.28507,117.09768,113.579544,final
2008-09-11,1,2228,NG023,952.0,65.49055,79.24685,281.1397,247.47276,745.24164,655.7578,83.67143,113.334885,113.5426,final
2008-09-21,1,2228,NG023,952.0,92.65336,81.02357,243.97372,233.38004,755.0011,674.5438,113.51931,104.44404,111.83989,final
2008-10-01,1,2228,NG023,952.0,63.17647,52.183228,221.32037,212.45364,757.375,661.57404,119.22459,104.07753,114.37215,final
2008-10-11,1,2228,NG023,952.0,49.7563,54.911522,205.58614,188.11832,742.11346,649.2642,91.39528,109.045135,114.1914,final
2008-10-21,1,2228,NG023,952.0,7.722689,57.309803,120.65546,164.40456,636.6113,632.7741,20.418438,74.17478,100.60166,final
2008-11-01,1,2228,NG023,952.0,2.4380252,6.925875,59.91702,119.1472,565.96014,574.0205,62.368805,52.290363,98.60793,final
2008-11-11,1,2228,NG023,952.0,2.375,1.8646709,12.535714,66.10035,499.26154,501.6914,107.43414,24.66333,99.52045,final
2008-11-21,1,2228,NG023,952.0,0.6617647,1.1265407,5.47479,9.917087,370.10397,407.7017,92.41373,70.220085,90.88986,final
2008-12-01,1,2228,NG023,952.0,6.4138656,2.5570378,9.45063,5.5482492,290.68802,337.1491,151.03624,136.99553,86.42081,final
2008-12-11,1,2228,NG023,952.0,1.1407562,1.8338585,8.216387,5.517437,226.33823,259.7361,89.85782,125.661674,87.38446,final
2008-12-21,1,2228,NG023,952.0,1.3161764,1.8489146,8.870798,6.239811,135.00105,180.56145,92.22157,123.40776,75.44727,final
2009-01-01,1,2228,NG023,952.0,2.7195377,1.4741946,5.1764703,5.2865195,74.54412,128.31317,119.23549,98.93015,59.66711,final
2009-01-11,1,2228,NG023,952.0,2.9758403,1.4584733,7.0115547,4.8163867,27.763657,75.55266,123.49421,122.36228,40.67359,final
2009-01-21,1,2228,NG023,952.0,3.0420167,2.1438024,8.737395,5.0764704,23.082983,21.09545,112.57333,136.33142,107.6164,final
2009-02-01,1,2228,NG023,952.0,1.6365546,2.3435574,7.654412,5.945833,22.281513,16.871464,90.37248,115.6094,124.73566,final
2009-02-11,1,2228,NG023,952.0,5.9096637,3.6236343,10.588235,8.110994,25.816177,18.645973,126.50889,118.89437,130.32315,final
2009-02-21,1,2228,NG023,952.0,2.1302521,4.2405114,9.676471,10.207703,27.284664,21.755041,77.162964,96.50682,120.66759,final
2009-03-01,1,2228,NG023,952.0,6.6754203,10.483893,14.715336,18.34804,27.546219,29.58039,75.40365,84.44108,94.11756,final
2009-03-11,1,2228,NG023,952.0,13.335084,14.819853,22.140757,29.544258,39.740547,42.471638,92.508675,78.56807,94.2469,final
2009-03-21,1,2228,NG023,952.0,4.6386557,13.104482,24.649158,38.40823,43.063026,53.6924,53.23906,68.30308,81.88969,final
2009-04-01,1,2228,NG023,952.0,21.765757,31.563866,39.739494,59.4882,62.109245,83.782074,73.20275,69.37624,75.58873,final
2009-04-11,1,2228,NG023,952.0,26.65021,34.57822,53.05462,79.24657,85.783615,116.90182,79.96875,68.91037,74.47273,final
2009-04-21,1,2228,NG023,952.0,35.26891,35.06236,83.684875,101.204445,118.0105,149.82037,100.51557,83.50392,79.45369,final
2009-05-01,1,2228,NG023,952.0,46.80042,59.0472,108.71954,128.68777,163.17436,206.52402,80.87852,85.06354,79.506035,final
2009-05-11,1,2228,NG023,952.0,54.255253,52.34923,136.32458,146.45879,211.51994,255.24962,103.32353,93.30894,83.19702,final
2009-05-21,1,2228,NG023,952.0,46.040966,59.221954,147.09663,170.61838,255.43066,310.23105,79.47588,86.60633,82.61581,final
2009-06-01,1,2228,NG023,952.0,41.50105,67.94923,141.79727,179.52042,290.2563,367.69638,63.7444,79.556114,79.221664,final
2009-06-11,1,2228,NG023,952.0,56.588234,56.49009,144.13025,183.66127,333.50943,409.36664,100.15961,79.04656,81.693214,final
2009-06-21,1,2228,NG023,952.0,97.12185,62.237534,195.21112,186.67686,425.99265,458.4997,151.8822,104.45242,92.98661,final
2009-07-01,1,2228,NG023,952.0,43.53046,65.15301,197.24054,183.88063,447.75735,492.08884,69.178024,107.0732,91.08178,final
2009-07-11,1,2228,NG023,952.0,81.11345,67.22136,221.76576,194.61191,502.22058,524.732,119.235435,113.60333,95.75041,final
2009-07-21,1,2228,NG023,952.0,108.54097,73.7999,233.18488,206.17427,575.4926,563.4695,144.08772,112.790665,102.115,final
2009-08-01,1,2228,NG023,952.0,67.038864,65.67948,256.6933,206.70074,595.7311,570.1018,101.92331,123.61473,104.456474,final
2009-08-11,1,2228,NG023,952.0,119.882355,74.19377,295.4622,213.67314,661.35815,591.94635,157.69214,137.40242,111.627815,final
2009-08-21,1,2228,NG023,952.0,153.45064,95.11628,340.37186,234.98953,768.7679,627.84064,158.2666,143.91122,122.269,final
2009-09-01,1,2228,NG023,952.0,73.29412,73.10963,346.62714,242.41968,800.5609,633.00104,100.2362,142.11769,126.26326,final
2009-09-11,1,2228,NG023,952.0,55.202732,79.24685,281.94748,247.47276,799.1754,655.7578,71.45992,113.65483,121.70502,final
2009-09-21,1,2228,NG023,952.0,62.039917,81.02357,190.53677,233.38004,764.09357,674.5438,77.93204,82.02733,113.17792,final
2009-10-01,1,2228,NG023,952.0,42.672268,52.183228,159.91492,212.45364,763.23535,661.57404,83.36757,75.83911,115.25131,final
2009-10-11,1,2228,NG023,952.0,59.79937,54.911522,164.51157,188.11832,741.92126,649.2642,108.15845,87.77602,114.162025,final
2009-10-21,1,2228,NG023,952.0,138.61975,57.309803,241.09138,164.40456,772.0,632.7741,230.49303,145.26845,121.82997,final
2009-11-01,1,2228,NG023,952.0,6.292017,6.925875,204.71115,119.1472,711.2532,574.0205,94.68502,168.92136,123.700836,final
2009-11-11,1,2228,NG023,952.0,1.8245798,1.8646709,146.73636,66.10035,593.1954,501.6914,99.415985,213.41154,118.05911,final
2009-11-21,1,2228,NG023,952.0,0.59243697,1.1265407,8.709034,9.917087,440.33722,407.7017,91.28213,91.90155,107.907776,final
2009-12-01,1,2228,NG023,952.0,1.3907562,2.5570378,3.807773,5.5482492,368.43384,337.1491,84.56695,83.49986,109.14359,final
2009-12-11,1,2228,NG023,952.0,1.3960084,1.8338585,3.3792014,5.517437,314.6271,259.7361,93.592926,79.66962,120.73423,final
2009-12-21,1,2228,NG023,952.0,1.2678572,1.8489146,4.0546217,6.239811,253.85506,180.56145,91.51607,80.55849,139.49829,final
2010-01-01,1,2228,NG023,952.0,1.5031513,1.4741946,4.167017,5.2865195,212.68596,128.31317,100.44726,89.11679,163.28917,final
2010-01-11,1,2228,NG023,952.0,1.7058823,1.4584733,4.4768906,4.8163867,154.59247,75.55266,103.830765,96.54153,198.12192,final
2010-01-21,1,2228,NG023,952.0,1.697479,2.1438024,4.9065123,5.0764704,17.670168,21.09545,93.752304,98.31332,86.87402,final
2010-02-01,1,2228,NG023,952.0,2.2720587,2.3435574,5.67542,5.945833,13.65021,16.871464,99.02637,97.52953,85.2719,final
2010-02-11,1,2228,NG023,952.0,4.2846637,3.6236343,8.254202,8.110994,16.110294,18.645973,107.66532,101.09227,89.27649,final
2010-02-21,1,2228,NG023,952.0,5.4359245,4.2405114,11.992647,10.207703,20.953781,21.755041,112.93666,111.73711,97.0052,final
2010-03-01,1,2228,NG023,952.0,4.2394958,10.483893,13.960085,18.34804,23.80252,29.58039,59.671658,81.20633,83.29148,final
2010-03-11,1,2228,NG023,952.0,9.132353,14.819853,18.807774,29.544258,31.538866,42.471638,71.30402,68.91963,76.96989,final
2010-03-21,1,2228,NG023,952.0,3.2184875,13.104482,16.590336,38.40823,33.489494,53.6924,45.39477,49.737885,65.57832,final
2010-04-01,1,2228,NG023,952.0,40.30147,31.563866,52.652313,59.4882,72.28781,83.782074,123.896835,89.39978,87.05339,final
2010-04-11,1,2228,NG023,952.0,28.709034,34.57822,72.22899,79.24657,99.29097,116.90182,85.17067,91.67019,85.55325,final
2010-04-21,1,2228,NG023,952.0,60.82458,35.06236,129.83508,101.204445,158.41808,149.82037,164.30531,126.95804,105.553345,final
2010-05-01,1,2228,NG023,952.0,48.891808,59.0472,138.42542,128.68777,205.03781,206.52402,84.1439,107.28387,99.29738,final
2010-05-11,1,2228,NG023,952.0,49.09559,52.34923,158.81198,146.45879,249.84872,255.24962,94.326614,108.15614,97.92472,final
2010-05-21,1,2228,NG023,952.0,61.382355,59.221954,159.36975,170.61838,305.79517,310.23105,103.36395,93.59485,98.59282,final
2010-06-01,1,2228,NG023,952.0,64.757355,67.94923,175.23529,179.52042,366.31302,367.69638,95.62453,97.6777,99.62882,final
2010-06-11,1,2228,NG023,952.0,39.42542,56.49009,165.56512,183.66127,396.60608,409.36664,72.24809,90.40813,96.92046,final
2010-06-21,1,2228,NG023,952.0,45.57248,62.237534,149.75525,186.67686,438.96008,458.4997,75.21465,80.73757,95.78433,final
2010-07-01,1,2228,NG023,952.0,82.6376,65.15301,167.6355,183.88063,481.2962,492.08884,124.923515,91.39926,97.82883,final
2010-07-11,1,2228,NG023,952.0,55.65231,67.22136,183.8624,194.61191,508.2395,524.732,83.981125,94.61479,96.886635,final
2010-07-21,1,2228,NG023,952.0,98.81933,73.7999,237.10925,206.17427,546.23425,563.4695,131.7506,114.64903,96.96813,final
2010-08-01,1,2228,NG023,952.0,67.2437,65.67948,221.71533,206.70074,564.5861,570.1018,102.21311,107.09237,99.04092,final
2010-08-11,1,2228,NG023,952.0,147.54517,74.19377,313.6082,213.67314,663.0357,591.94635,192.62268,145.70065,111.90883,final
2010-08-21,1,2228,NG023,952.0,67.015755,95.11628,281.80463,234.98953,668.6691,627.84064,71.93211,119.50715,106.45162,final
2010-09-01,1,2228,NG023,952.0,75.14496,73.10963,289.70587,242.41968,679.0567,633.00104,102.605736,119.11174,107.21874,final
2010-09-11,1,2228,NG023,952.0,69.23529,79.24685,211.396,247.47276,708.8666,655.7578,88.1164,85.71063,108.03755,final
2010-09-21,1,2228,NG023,952.0,87.4958,81.02357,231.87604,233.38004,750.7899,674.5438,107.52379,99.36907,111.22019,final
2010-10-01,1,2228,NG023,952.0,37.4937,52.183228,194.22478,212.45364,705.646,661.57404,74.31147,91.61713,106.61172,final
2010-10-11,1,2228,NG023,952.0,36.110294,54.911522,161.0998,188.11832,686.10394,649.2642,68.61835,86.00934,105.63071,final
2010-10-21,1,2228,NG023,952.0,116.91071,57.309803,190.51471,164.40456,704.1954,632.7741,195.65254,115.4129,111.19852,final
2010-11-01,1,2228,NG023,952.0,7.957983,6.925875,160.97899,119.1472,644.90967,574.0205,108.65436,133.69531,112.24295,final
2010-11-11,1,2228,NG023,952.0,1.8592438,1.8646709,126.72794,66.10035,499.22372,501.6914,99.920944,185.27045,99.512985,final
2010-11-21,1,2228,NG023,952.0,1.0535715,1.1265407,10.870798,9.917087,433.26154,407.7017,98.80897,106.39342,106.19329,final
2010-12-01,1,2228,NG023,952.0,1.9495798,2.5570378,4.862395,5.5482492,360.06616,337.1491,91.961685,93.497925,106.697975,final
2010-12-11,1,2228,NG023,952.0,1.2436975,1.8338585,4.246849,5.517437,292.07455,259.7361,91.36417,87.91922,112.215355,final
2010-12-21,1,2228,NG023,952.0,1.4495798,1.8489146,4.642857,6.239811,206.02837,180.56145,94.16937,85.791985,113.72426,final
2011-01-01,1,2228,NG023,952.0,1.3508403,1.4741946,4.044118,5.2865195,169.88551,128.31317,98.09468,87.922035,131.18398,final
2011-01-11,1,2228,NG023,952.0,1.1407562,1.4584733,3.9411764,4.8163867,134.91599,75.55266,95.08061,91.08419,173.69505,final
2011-01-21,1,2228,NG023,952.0,1.3613446,2.1438024,3.8529413,5.0764704,19.366598,21.09545,89.047035,87.85756,93.37489,final
2011-02-01,1,2228,NG023,952.0,3.6460085,2.3435574,6.1481094,5.945833,15.054622,16.871464,117.73597,101.84797,91.6931,final
2011-02-11,1,2228,NG023,952.0,9.809874,3.6236343,14.817226,8.110994,23.005253,18.645973,171.73587,151.14967,118.43561,final
2011-02-21,1,2228,NG023,952.0,10.3529415,4.2405114,23.808823,10.207703,32.30462,21.755041,166.1482,189.43573,139.43025,final
2011-03-01,1,2228,NG023,952.0,6.934874,10.483893,27.097689,18.34804,37.289917,29.58039,77.07928,137.47487,122.294495,final
2011-03-11,1,2228,NG023,952.0,4.8834033,14.819853,22.171219,29.544258,40.929623,42.471638,49.86618,78.65625,96.75172,final
2011-03-21,1,2228,NG023,952.0,12.509454,13.104482,24.327732,38.40823,51.989494,53.6924,96.71336,67.56261,97.09859,final
2011-04-01,1,2228,NG023,952.0,24.910715,31.563866,42.303574,59.4882,75.54937,83.782074,81.80403,73.35229,90.727066,final
2011-04-11,1,2228,NG023,952.0,25.538866,34.57822,62.959038,79.24657,99.94748,116.90182,77.16079,80.66683,86.09181,final
2011-04-21,1,2228,NG023,952.0,45.82143,35.06236,96.27101,101.204445,144.40756,149.82037,126.85581,95.354774,96.503815,final
2011-05-01,1,2228,NG023,952.0,47.42332,59.0472,118.783615,128.68777,188.18488,206.52402,81.851074,92.59157,91.329994,final
2011-05-11,1,2228,NG023,952.0,76.42542,52.34923,169.67017,146.45879,254.80042,255.24962,141.9817,115.32521,99.82739,final
2011-05-21,1,2228,NG023,952.0,68.70903,59.221954,192.55777,170.61838,313.1565,310.23105,114.77232,112.49266,100.92803,final
2011-06-01,1,2228,NG023,952.0,80.37185,67.94923,225.50632,179.52042,386.59348,367.69638,117.02913,124.921844,105.07037,final
2011-06-11,1,2228,NG023,952.0,51.06933,56.49009,200.1502,183.66127,432.77945,409.36664,91.18433,108.739975,105.65027,final
2011-06-21,1,2228,NG023,952.0,57.159664,62.237534,188.60085,186.67686,477.42966,458.4997,92.44787,101.00377,104.08414,final
2011-07-01,1,2228,NG023,952.0,75.2521,65.15301,183.48108,183.88063,527.77106,492.08884,114.39581,99.78846,107.17824,final
2011-07-11,1,2228,NG023,952.0,68.375,67.22136,200.78676,194.61191,570.6072,524.732,101.59737,103.09343,108.66008,final
2011-07-21,1,2228,NG023,952.0,17.711134,73.7999,161.33824,206.17427,542.4969,563.4695,28.821274,78.768234,96.31069,final
2011-08-01,1,2228,NG023,952.0,89.457985,65.67948,175.54413,206.70074,584.53156,570.1018,133.64272,85.28271,102.50908,final
2011-08-11,1,2228,NG023,952.0,40.015755,74.19377,147.18488,213.67314,548.1218,591.94635,56.84254,69.59468,92.65855,final
2011-08-21,1,2228,NG023,952.0,93.1292,95.11628,222.60294,234.98953,572.542,627.84064,98.01523,94.83869,91.26184,final
2011-09-01,1,2228,NG023,952.0,61.836136,73.10963,194.9811,242.41968,554.0063,633.00104,85.56709,80.826675,87.6184,final
2011-09-11,1,2228,NG023,952.0,83.04097,79.24685,238.0063,247.47276,585.9779,655.7578,104.50357,96.2505,89.43941,final
2011-09-21,1,2228,NG023,952.0,66.15336,81.02357,211.03046,233.38004,594.9717,674.5438,82.71379,90.62439,88.29036,final
2011-10-01,1,2228,NG023,952.0,59.27731,52.183228,208.47165,212.45364,578.9968,661.57404,112.40588,98.16881,87.6117,final
2011-10-11,1,2228,NG023,952.0,61.264706,54.911522,186.69537,188.11832,571.88654,649.2642,110.60429,99.263176,88.17333,final
2011-10-21,1,2228,NG023,952.0,51.97059,57.309803,172.5126,164.40456,606.146,632.7741,91.43118,104.78621,95.82484,final
2011-11-01,1,2228,NG023,952.0,4.70063,6.925875,117.93592,119.1472,521.3887,574.0205,81.34104,99.02432,90.910194,final
2011-11-11,1,2228,NG023,952.0,1.0378151,1.8646709,57.709034,66.10035,482.4107,501.6914,87.95492,88.19793,96.194786,final
2011-11-21,1,2228,NG023,952.0,0.6838235,1.1265407,6.422269,9.917087,389.96533,407.7017,92.77378,76.57172,95.70238,final
2011-12-01,1,2228,NG023,952.0,1.6544118,2.5570378,3.3760505,5.5482492,329.78363,337.1491,88.05582,79.40703,97.84729,final
2011-12-11,1,2228,NG023,952.0,1.322479,1.8338585,3.6607144,5.517437,248.06511,259.7361,92.516975,82.346245,95.59145,final
2011-12-21,1,2228,NG023,952.0,1.9590336,1.8489146,4.9359245,6.239811,183.87079,180.56145,101.607834,88.39939,101.78342,final
2012-01-01,1,2228,NG023,952.0,1.1092438,1.4741946,4.3907566,5.2865195,125.70273,128.31317,94.363,91.29187,98.04188,final
2012-01-11,1,2228,NG023,952.0,1.2079831,1.4584733,4.2762604,4.8163867,65.64601,75.55266,96.12153,94.4977,87.701645,final
2012-01-21,1,2228,NG023,952.0,2.1470587,2.1438024,4.464286,5.0764704,15.822479,21.09545,100.04557,93.924614,79.793526,final
2012-02-01,1,2228,NG023,952.0,2.0997899,2.3435574,5.454832,5.945833,13.221638,16.871464,96.68052,95.51426,83.31238,final
2012-02-11,1,2228,NG023,952.0,4.335084,3.6236343,8.581932,8.110994,16.518908,18.645973,108.25,103.591934,91.00453,final
2012-02-21,1,2228,NG023,952.0,8.039916,4.2405114,14.47479,10.207703,23.875,21.755041,141.11684,128.05872,107.92359,final
2012-03-01,1,2228,NG023,952.0,7.8581934,10.483893,20.233192,18.34804,30.078781,29.58039,83.04237,108.07414,101.44125,final
2012-03-11,1,2228,NG023,952.0,2.4642856,14.819853,18.362394,29.544258,31.220587,42.471638,37.660652,67.630325,76.29943,final
2012-03-21,1,2228,NG023,952.0,15.581933,13.104482,25.904411,38.40823,44.843487,53.6924,113.68419,71.194824,84.92324,final
2012-04-01,1,2228,NG023,952.0,22.765757,31.563866,40.811974,59.4882,66.5,83.782074,75.93769,71.03931,80.53427,final
2012-04-11,1,2228,NG023,952.0,67.71534,34.57822,106.063034,79.24657,133.00735,116.90182,183.72565,131.83093,113.21189,final
2012-04-21,1,2228,NG023,952.0,14.668067,35.06236,105.14916,101.204445,145.52835,149.82037,49.093636,103.714264,97.22774,final
2012-05-01,1,2228,NG023,952.0,40.45168,59.0472,122.83508,128.68777,183.88023,206.52402,70.96592,95.622116,89.29494,final
2012-05-11,1,2228,NG023,952.0,59.293068,52.34923,114.41281,146.45879,238.83823,255.24962,112.10798,78.84179,93.69398,final
2012-05-21,1,2228,NG023,952.0,78.47689,59.221954,178.22165,170.61838,309.2752,310.23105,129.98186,104.32943,99.69678,final
2012-06-01,1,2228,NG023,952.0,80.35189,67.94923,218.12186,179.52042,381.76892,367.69638,117.00177,120.91987,103.77587,final
2012-06-11,1,2228,NG023,952.0,47.886555,56.49009,206.71533,183.66127,427.19122,409.36664,86.008255,112.219826,104.30164,final
2012-06-21,1,2228,NG023,952.0,51.95168,62.237534,180.19012,186.67686,463.56097,458.4997,84.70221,96.61579,101.09197,final
2012-07-01,1,2228,NG023,952.0,82.20693,65.15301,182.04517,183.88063,523.00214,492.08884,124.30961,99.028244,106.218864,final
2012-07-11,1,2228,NG023,952.0,90.67122,67.22136,224.82983,194.61191,545.958,524.732,132.46942,115.138336,104.006935,final
2012-07-21,1,2228,NG023,952.0,56.57878,73.7999,229.45692,206.17427,587.8688,563.4695,78.14577,111.02532,104.29211,final
2012-08-01,1,2228,NG023,952.0,73.24475,65.67948,220.49475,206.70074,620.6618,570.1018,110.70362,106.5158,108.79148,final
2012-08-11,1,2228,NG023,952.0,35.863445,74.19377,165.68698,213.67314,597.2322,591.94635,51.59932,78.055756,100.885475,final
2012-08-21,1,2228,NG023,952.0,96.614494,95.11628,205.72269,234.98953,615.3698,627.84064,101.49647,87.80495,98.02939,final
2012-09-01,1,2228,NG023,952.0,73.37185,73.10963,205.8498,242.41968,608.38965,633.00104,100.33571,85.21949,96.142426,final
2012-09-11,1,2228,NG023,952.0,107.31092,79.24685,277.29727,247.47276,667.8141,655.7578,133.3117,111.81296,101.824615,final
2012-09-21,1,2228,NG023,952.0,98.792015,81.02357,279.4748,233.38004,714.65436,674.5438,120.65532,119.33666,105.902565,final
2012-10-01,1,2228,NG023,952.0,39.0042,52.183228,245.10713,212.45364,671.45166,661.57404,76.95298,115.0163,101.48186,final
2012-10-11,1,2228,NG023,952.0,91.0,54.911522,228.79622,188.11832,671.78046,649.2642,160.23628,121.06372,103.44147,final
2012-10-21,1,2228,NG023,952.0,92.06303,57.309803,222.06723,164.40456,707.2647,632.7741,155.77489,134.03845,111.67978,final
2012-11-01,1,2228,NG023,952.0,5.5367646,6.925875,188.59978,119.1472,639.5567,574.0205,88.35213,155.94373,111.31846,final
2012-11-11,1,2228,NG023,952.0,2.857143,1.8646709,100.45693,66.10035,606.5504,501.6914,114.45768,148.32126,120.694855,final
2012-11-21,1,2228,NG023,952.0,1.6271008,1.1265407,10.0210085,9.917087,511.56305,407.7017,108.17036,100.696655,125.1662,final
2012-12-01,1,2228,NG023,952.0,2.230042,2.5570378,6.714286,5.5482492,440.4212,337.1491,95.672966,111.05431,130.18336,final
2012-12-11,1,2228,NG023,952.0,1.4233193,1.8338585,5.2804623,5.517437,334.53363,259.7361,93.99258,97.74683,128.25362,final
2012-12-21,1,2228,NG023,952.0,1.5094538,1.8489146,5.162815,6.239811,237.25107,180.56145,95.04358,90.41802,130.55032,final
2013-01-01,1,2228,NG023,952.0,1.2142857,1.4741946,4.147059,5.2865195,199.46114,128.31317,95.985466,88.92277,153.36905,final
2013-01-11,1,2228,NG023,952.0,1.6239495,1.4584733,4.347689,4.8163867,110.085075,75.55266,102.56216,95.22535,142.86937,final
2013-01-21,1,2228,NG023,952.0,3.9369748,2.1438024,6.7752104,5.0764704,21.959034,21.09545,125.10109,116.85848,103.30933,final
2013-02-01,1,2228,NG023,952.0,1.3707983,2.3435574,6.9317226,5.945833,17.793068,16.871464,86.75357,109.00699,104.21373,final
2013-02-11,1,2228,NG023,952.0,3.4548318,3.6236343,8.762605,8.110994,18.390755,18.645973,98.04256,104.969955,98.92067,final
2013-02-21,1,2228,NG023,952.0,4.0808825,4.2405114,8.906513,10.207703,20.844538,21.755041,98.27252,91.44388,96.59689,final
2013-03-01,1,2228,NG023,952.0,14.59874,10.483893,22.134453,18.34804,33.213234,29.58039,126.575005,116.21727,110.5055,final
2013-03-11,1,2228,NG023,952.0,20.158613,14.819853,38.838234,29.544258,51.948532,42.471638,126.936424,126.90455,119.96328,final
2013-03-21,1,2228,NG023,952.0,23.278362,13.104482,58.035717,38.40823,73.71744,53.6924,156.19537,145.21605,134.11862,final
2013-04-01,1,2228,NG023,952.0,23.264706,31.563866,66.701675,59.4882,95.76787,83.782074,77.30229,111.185715,113.50024,final
2013-04-11,1,2228,NG023,952.0,26.980042,34.57822,73.52311,79.24657,121.12395,116.90182,80.80212,93.20631,103.463554,final
2013-04-21,1,2228,NG023,952.0,26.3771,35.06236,76.62185,101.204445,143.56409,149.82037,78.320656,76.853516,95.959,final
2013-05-01,1,2228,NG023,952.0,38.67437,59.0472,92.03151,128.68777,180.86765,206.52402,68.19092,72.58069,87.870705,final
2013-05-11,1,2228,NG023,952.0,48.311974,52.34923,113.36344,146.45879,225.7248,255.24962,92.96022,78.14894,88.65518,final
2013-05-21,1,2228,NG023,952.0,36.060925,59.221954,123.04727,170.61838,257.70483,310.23105,63.93596,72.91223,83.337234,final
2013-06-01,1,2228,NG023,952.0,41.186974,67.94923,125.55987,179.52042,284.29306,367.69638,63.313866,70.756325,77.62164,final
2013-06-11,1,2228,NG023,952.0,41.64916,56.49009,118.89705,183.66127,305.78363,409.36664,75.86452,65.67169,75.00208,final
2013-06-21,1,2228,NG023,952.0,53.714287,62.237534,136.55042,186.67686,336.21954,458.4997,87.32368,73.848465,73.61807,final
2013-07-01,1,2228,NG023,952.0,55.73109,65.15301,151.09454,183.88063,368.6859,492.08884,86.56947,82.6419,75.17487,final
2013-07-11,1,2228,NG023,952.0,66.731094,67.22136,176.17647,194.61191,408.43695,524.732,99.32116,90.76436,78.04643,final
2013-07-21,1,2228,NG023,952.0,61.685925,73.7999,184.14812,206.17427,443.7458,563.4695,84.62692,89.56968,78.93929,final
2013-08-01,1,2228,NG023,952.0,13.040966,65.67948,141.458,206.70074,418.11237,570.1018,25.52504,69.18162,73.57174,final
2013-08-11,1,2228,NG023,952.0,7.440126,74.19377,82.167015,213.67314,377.2405,591.94635,15.708466,39.861782,64.03264,final
2013-08-21,1,2228,NG023,952.0,44.887604,95.11628,65.3687,234.98953,386.0672,627.84064,49.829662,29.32157,61.79553,final
2013-09-01,1,2228,NG023,952.0,69.29097,73.10963,121.6187,242.41968,414.1712,633.00104,95.11115,51.17568,65.70071,final
2013-09-11,1,2228,NG023,952.0,76.19958,79.24685,190.37814,247.47276,448.72168,655.7578,96.38293,77.38583,68.66686,final
2013-09-21,1,2228,NG023,952.0,73.132355,81.02357,218.6229,233.38004,468.13974,674.5438,90.82668,93.80941,69.62608,final
2013-10-01,1,2228,NG023,952.0,43.69958,52.183228,193.03152,212.45364,456.10822,661.57404,85.1641,91.06839,69.17584,final
2013-10-11,1,2228,NG023,952.0,23.836134,54.911522,140.66808,188.11832,413.21323,649.2642,48.1312,75.42944,63.921154,final
2013-10-21,1,2228,NG023,952.0,22.707983,57.309803,90.2437,164.40456,374.2353,632.7741,44.468098,56.22263,59.462322,final
2013-11-01,1,2228,NG023,952.0,5.109244,6.925875,51.653362,119.1472,366.30356,574.0205,84.76731,45.63402,64.12615,final
2013-11-11,1,2228,NG023,952.0,3.8518908,1.8646709,31.669117,66.10035,362.71533,501.6914,128.94852,51.573753,72.57185,final
2013-11-21,1,2228,NG023,952.0,2.269958,1.1265407,11.231092,9.917087,320.0977,407.7017,118.663345,108.80873,78.77305,final
2013-12-01,1,2228,NG023,952.0,5.037815,2.5570378,11.159664,5.5482492,255.84454,337.1491,132.82738,153.1976,76.23709,final
2013-12-11,1,2228,NG023,952.0,2.1722689,1.8338585,9.4800415,5.517437,181.81723,259.7361,104.951965,137.67653,70.56734,final
2013-12-21,1,2228,NG023,952.0,2.0241597,1.8489146,9.234243,6.239811,110.70904,180.56145,102.55872,126.64131,62.356186,final
2014-01-01,1,2228,NG023,952.0,1.3697479,1.4741946,5.5661764,5.2865195,68.37921,128.31317,98.38673,102.718666,55.042732,final
2014-01-11,1,2228,NG023,952.0,1.092437,1.4584733,4.4863443,4.8163867,45.6355,75.55266,94.332466,96.63784,62.860126,final
2014-01-21,1,2228,NG023,952.0,4.8613443,2.1438024,7.3235292,5.0764704,27.788868,21.09545,138.04054,122.300064,125.64975,final
2014-02-01,1,2228,NG023,952.0,1.6544118,2.3435574,7.608193,5.945833,24.334034,16.871464,90.61564,115.18714,134.12012,final
2014-02-11,1,2228,NG023,952.0,2.4947479,3.6236343,9.010504,8.110994,22.976889,18.645973,86.90939,106.86072,118.31566,final
2014-02-21,1,2228,NG023,952.0,5.2510505,4.2405114,9.400209,10.207703,25.957983,21.755041,110.935974,94.69023,115.70897,final
2014-03-01,1,2228,NG023,952.0,23.487394,10.483893,31.233192,18.34804,44.407562,29.58039,183.98082,155.1873,142.8774,final
2014-03-11,1,2228,NG023,952.0,10.160714,14.819853,38.89916,29.544258,52.396004,42.471638,76.49257,127.08092,120.90589,final
2014-03-21,1,2228,NG023,952.0,21.620798,13.104482,55.268906,38.40823,71.992645,53.6924,147.03983,138.84212,131.17992,final
2014-04-01,1,2228,NG023,952.0,30.722689,31.563866,62.504204,59.4882,101.34558,83.782074,97.699425,104.67682,119.78272,final
2014-04-11,1,2228,NG023,952.0,38.32563,34.57822,90.66911,79.24657,138.57877,116.90182,109.46837,113.55847,117.7823,final
2014-04-21,1,2228,NG023,952.0,29.673319,35.06236,98.721634,101.204445,163.39076,149.82037,86.54836,97.66223,108.76524,final
2014-05-01,1,2228,NG023,952.0,97.542015,59.0472,165.54095,128.68777,259.27835,206.52402,160.10384,127.5666,124.94011,final
2014-05-11,1,2228,NG023,952.0,34.413864,52.34923,161.6292,146.45879,291.19745,255.24962,68.72606,110.01619,113.81281,final
2014-05-21,1,2228,NG023,952.0,69.55042,59.221954,201.50629,170.61838,355.49683,310.23105,116.08245,117.58808,114.35956,final
2014-06-01,1,2228,NG023,952.0,62.37815,67.94923,166.34244,179.52042,394.3876,367.69638,92.363075,92.85825,107.16165,final
2014-06-11,1,2228,NG023,952.0,57.3792,56.49009,189.30777,183.66127,441.60608,409.36664,101.44594,102.99293,107.78041,final
2014-06-21,1,2228,NG023,952.0,53.12605,62.237534,172.8834,186.67686,473.11133,458.4997,86.448814,92.803795,103.15245,final
2014-07-01,1,2228,NG023,952.0,72.22059,65.15301,182.72583,183.88063,514.60925,492.08884,110.074524,99.38861,104.530464,final
2014-07-11,1,2228,NG023,952.0,31.89916,67.22136,157.24579,194.61191,508.18277,524.732,51.09176,81.28062,96.875916,final
2014-07-21,1,2228,NG023,952.0,48.709034,73.7999,152.82878,206.17427,527.21844,563.4695,68.15876,74.73864,93.62305,final
2014-08-01,1,2228,NG023,952.0,88.760506,65.67948,169.3687,206.70074,518.437,570.1018,132.65591,82.36565,91.01641,final
2014-08-11,1,2228,NG023,952.0,64.536766,74.19377,202.00632,213.67314,548.5599,591.94635,87.805855,94.66473,92.731926,final
2014-08-21,1,2228,NG023,952.0,67.417015,95.11628,220.7143,234.98953,546.4265,627.84064,72.33291,94.05173,87.13513,final
2014-09-01,1,2228,NG023,952.0,75.52521,73.10963,207.47899,242.41968,559.5735,633.00104,103.09255,85.87797,88.491,final
2014-09-11,1,2228,NG023,952.0,86.57563,79.24685,229.51785,247.47276,588.76996,655.7578,108.69918,92.88838,89.86197,final
2014-09-21,1,2228,NG023,952.0,69.33718,81.02357,231.43802,233.38004,604.9811,674.5438,86.4149,99.18533,89.76332,final
2014-10-01,1,2228,NG023,952.0,44.919117,52.183228,200.83192,212.45364,577.6796,661.57404,87.29678,94.65554,87.41409,final
2014-10-11,1,2228,NG023,952.0,47.336136,54.911522,161.59244,188.11832,593.1166,649.2642,87.35571,86.26444,91.4182,final
2014-10-21,1,2228,NG023,952.0,46.140755,57.309803,138.396,164.40456,590.54834,632.7741,82.074974,84.64707,93.379196,final
2014-11-01,1,2228,NG023,952.0,11.756303,6.925875,105.23319,119.1472,513.5441,574.0205,140.50375,88.79233,89.5554,final
2014-11-11,1,2228,NG023,952.0,2.067227,1.8646709,59.964283,66.10035,451.0746,501.6914,102.95071,91.36984,90.01033,final
2014-11-21,1,2228,NG023,952.0,0.61869746,1.1265407,14.442227,9.917087,384.27628,407.7017,91.71077,130.33528,94.32388,final
2014-12-01,1,2228,NG023,952.0,2.1607144,2.5570378,4.8466387,5.5482492,310.91174,337.1491,94.75557,93.34856,92.331604,final
2014-12-11,1,2228,NG023,952.0,3.2867646,1.8338585,6.0661764,5.517437,227.6229,259.7361,121.26041,105.21742,87.86972,final
2014-12-21,1,2228,NG023,952.0,1.7016807,1.8489146,7.14916,6.239811,159.98738,180.56145,97.85026,108.09044,88.91254,final
2015-01-01,1,2228,NG023,952.0,1.5546218,1.4741946,6.543067,5.2865195,116.6229,128.31317,101.24227,112.21547,91.23097,final
2015-01-11,1,2228,NG023,952.0,1.3560925,1.4584733,4.612395,4.8163867,70.64285,75.55266,98.41479,97.92191,93.904854,final
2015-01-21,1,2228,NG023,952.0,1.730042,2.1438024,4.640756,5.0764704,26.232143,21.09545,94.208115,95.67593,119.68426,final
2015-02-01,1,2228,NG023,952.0,1.829832,2.3435574,4.9159665,5.945833,16.305674,16.871464,93.0044,90.59124,97.41311,final
2015-02-11,1,2228,NG023,952.0,6.120798,3.6236343,9.680672,8.110994,20.359243,18.645973,128.95721,111.97222,107.24551,final
2015-02-21,1,2228,NG023,952.0,5.222689,4.2405114,13.173319,10.207703,24.963236,21.755041,110.62904,119.500755,111.99099,final
2015-03-01,1,2228,NG023,952.0,4.7037816,10.483893,16.047268,18.34804,27.506302,29.58039,62.670166,90.14576,94.00212,final
2015-03-11,1,2228,NG023,952.0,15.281512,14.819853,25.207983,29.544258,39.50105,42.471638,102.32928,87.44719,93.74239,final
2015-03-21,1,2228,NG023,952.0,31.095589,13.104482,51.080883,38.40823,68.89496,53.6924,199.37378,129.19412,125.902084,final
2015-04-01,1,2228,NG023,952.0,14.269958,31.563866,60.64706,59.4882,81.61029,83.782074,52.702194,101.79701,97.5538,final
2015-04-11,1,2228,NG023,952.0,12.412815,34.57822,57.778362,79.24657,92.66701,116.90182,43.995953,74.51741,80.1194,final
2015-04-21,1,2228,NG023,952.0,15.04937,35.06236,41.732143,101.204445,105.986336,149.82037,50.045406,44.00206,71.687164,final
2015-05-01,1,2228,NG023,952.0,51.716385,59.0472,79.17857,128.68777,155.8729,206.52402,88.55405,62.966545,76.0542,final
2015-05-11,1,2228,NG023,952.0,66.80567,52.34923,133.57143,146.45879,216.55777,255.24962,125.20773,91.49117,85.13279,final
2015-05-21,1,2228,NG023,952.0,51.435925,59.221954,169.95798,170.61838,262.771,310.23105,87.87637,99.623955,84.94436,final
2015-06-01,1,2228,NG023,952.0,39.688026,67.94923,157.92963,179.52042,297.75522,367.69638,61.259087,88.29897,81.23374,final
2015-06-11,1,2228,NG023,952.0,33.691177,56.49009,124.815125,183.66127,316.16492,409.36664,62.922623,68.80857,77.50742,final
2015-06-21,1,2228,NG023,952.0,30.201681,62.237534,103.58089,186.67686,315.27103,458.4997,52.354218,56.647884,69.098434,final
2015-07-01,1,2228,NG023,952.0,91.25,65.15301,155.14285,183.88063,392.25107,492.08884,137.2001,84.78522,79.915504,final
2015-07-11,1,2228,NG023,952.0,51.462185,67.22136,172.91386,194.61191,431.3004,524.732,78.179344,89.12988,82.36248,final
2015-07-21,1,2228,NG023,952.0,48.656513,73.7999,191.3687,206.17427,464.90756,563.4695,68.09212,92.98893,82.66188,final
2015-08-01,1,2228,NG023,952.0,46.820377,65.67948,146.93907,206.70074,460.01157,570.1018,73.31743,71.77068,80.85726,final
2015-08-11,1,2228,NG023,952.0,94.14601,74.19377,189.6229,213.67314,487.35187,591.94635,125.19421,89.00174,82.47841,final
2015-08-21,1,2228,NG023,952.0,194.28572,95.11628,335.2521,234.98953,630.20166,627.84064,199.05426,141.7779,100.37308,final
2015-09-01,1,2228,NG023,952.0,41.763657,73.10963,330.19537,242.41968,632.27734,633.00104,59.86926,135.47644,99.886566,final
2015-09-11,1,2228,NG023,952.0,83.66912,79.24685,319.7185,247.47276,682.25525,655.7578,105.249176,128.61526,104.010155,final
2015-09-21,1,2228,NG023,952.0,50.72059,81.02357,176.15337,233.38004,702.7742,674.5438,64.77363,75.993515,104.15431,final
2015-10-01,1,2228,NG023,952.0,71.89286,52.183228,206.28256,212.45364,683.41705,661.57404,134.4675,97.16212,103.27691,final
2015-10-11,1,2228,NG023,952.0,31.910715,54.911522,154.52417,188.11832,663.8656,649.2642,61.608707,82.60437,102.23173,final
2015-10-21,1,2228,NG023,952.0,53.4937,57.309803,157.29727,164.40456,668.70276,632.7741,93.875595,95.80455,105.63345,final
2015-11-01,1,2228,NG023,952.0,6.8897057,6.925875,92.29411,119.1472,628.7721,574.0205,99.69672,78.369965,109.455894,final
2015-11-11,1,2228,NG023,952.0,1.0661764,1.8646709,61.44958,66.10035,535.6922,501.6914,88.36806,93.45887,106.71035,final
2015-11-21,1,2228,NG023,952.0,0.7384454,1.1265407,8.694327,9.917087,342.14493,407.7017,93.665344,91.80296,84.11522,final
2015-12-01,1,2228,NG023,952.0,2.2037816,2.5570378,4.0084033,5.5482492,302.58508,337.1491,95.32547,85.401886,89.897964,final
2015-12-11,1,2228,NG023,952.0,1.4327731,1.8338585,4.375,5.517437,220.34875,259.7361,94.13091,89.13769,85.12203,final
2015-12-21,1,2228,NG023,952.0,1.5462185,1.8489146,5.182773,6.239811,171.17438,180.56145,95.580376,90.5956,94.94126,final
2016-01-01,1,2228,NG023,952.0,1.1722689,1.4741946,4.1512604,5.2865195,100.45378,128.31317,95.33647,88.963615,79.102295,final
2016-01-11,1,2228,NG023,952.0,1.4905462,1.4584733,4.2090335,4.8163867,70.033615,75.55266,100.496605,93.81287,93.14853,final
2016-01-21,1,2228,NG023,952.0,1.3256303,2.1438024,3.9884453,5.0764704,17.865547,21.09545,88.547104,89.202324,87.62274,final
2016-02-01,1,2228,NG023,952.0,1.1407562,2.3435574,3.9569325,5.945833,12.116597,16.871464,83.621,81.829605,78.25995,final
2016-02-11,1,2228,NG023,952.0,1.2605042,3.6236343,3.7268908,8.110994,12.310925,18.645973,72.59705,66.56162,73.20876,final
2016-02-21,1,2228,NG023,952.0,1.7710084,4.2405114,4.172269,10.207703,13.343488,21.755041,73.27526,60.31331,68.56086,final
2016-03-01,1,2228,NG023,952.0,25.277311,10.483893,28.308825,18.34804,36.41702,29.58039,195.5407,142.66219,119.77024,final
2016-03-11,1,2228,NG023,952.0,46.90441,14.819853,73.95273,29.544258,81.88866,42.471638,261.88092,228.5553,183.03278,final
2016-03-21,1,2228,NG023,952.0,18.987394,13.104482,91.16912,38.40823,99.329834,53.6924,132.49423,221.54582,177.75696,final
2016-04-01,1,2228,NG023,952.0,31.845589,31.563866,97.7374,59.4882,130.00314,83.782074,100.7705,159.31192,152.06126,final
2016-04-11,1,2228,NG023,952.0,23.859243,34.57822,74.69223,79.24657,152.37184,116.90182,72.91698,94.59404,129.09721,final
2016-04-21,1,2228,NG023,952.0,16.272058,35.06236,71.97689,101.204445,167.31828,149.82037,53.097366,72.47992,111.30206,final
2016-05-01,1,2228,NG023,952.0,47.90021,59.0472,88.03151,128.68777,214.07773,206.52402,82.59567,69.588646,103.57109,final
2016-05-11,1,2228,NG023,952.0,50.290966,52.34923,114.46324,146.45879,263.1082,255.24962,96.410995,78.875084,103.01962,final
2016-05-21,1,2228,NG023,952.0,55.92122,59.221954,154.1124,170.61838,317.25842,310.23105,94.86042,90.60123,102.22927,final
2016-06-01,1,2228,NG023,952.0,60.286766,67.94923,166.49896,179.52042,352.26785,367.69638,89.49617,92.943085,95.8603,final
2016-06-11,1,2228,NG023,952.0,72.35819,56.49009,188.56618,183.66127,377.72165,409.36664,125.805954,102.599846,92.363045,final
2016-06-21,1,2228,NG023,952.0,58.484245,62.237534,191.12921,186.67686,417.2185,458.4997,94.41787,102.32284,91.09359,final
2016-07-01,1,2228,NG023,952.0,52.465336,65.15301,183.30777,183.88063,437.83823,492.08884,81.91429,99.69671,89.086334,final
2016-07-11,1,2228,NG023,952.0,69.207985,67.22136,180.15756,194.61191,483.18698,524.732,102.75074,92.75877,92.15735,final
2016-07-21,1,2228,NG023,952.0,90.15126,73.7999,211.82458,206.17427,557.06616,563.4695,120.75049,102.67567,98.87359,final
2016-08-01,1,2228,NG023,952.0,72.60189,65.67948,231.96115,206.70074,581.7678,570.1018,109.79408,111.93214,102.02851,final
2016-08-11,1,2228,NG023,952.0,82.036766,74.19377,244.78992,213.67314,613.5136,591.94635,109.90355,114.22981,103.61294,final
2016-08-21,1,2228,NG023,952.0,96.15756,95.11628,250.79622,234.98953,653.75,627.84064,101.04008,106.58641,104.09414,final
2016-09-01,1,2228,NG023,952.0,58.702732,73.10963,236.89706,242.41968,652.166,633.00104,81.55554,97.76792,103.00391,final
2016-09-11,1,2228,NG023,952.0,70.457985,79.24685,225.31827,247.47276,650.26587,655.7578,89.56772,91.225,99.168846,final
2016-09-21,1,2228,NG023,952.0,74.64811,81.02357,203.80884,233.38004,666.4297,674.5438,92.588715,87.59494,98.80595,final
2016-10-01,1,2228,NG023,952.0,59.284664,52.183228,204.39076,212.45364,673.249,661.57404,112.41875,96.29214,101.751495,final
2016-10-11,1,2228,NG023,952.0,53.47794,54.911522,187.4107,188.11832,657.5189,649.2642,97.60716,99.63358,101.26167,final
2016-10-21,1,2228,NG023,952.0,52.15231,57.309803,164.91492,164.40456,619.51996,632.7741,91.722824,100.30127,97.921814,final
2016-11-01,1,2228,NG023,952.0,3.6313026,6.925875,109.26155,119.1472,550.5493,574.0205,72.37459,92.037155,95.946396,final
2016-11-11,1,2228,NG023,952.0,1.0840336,1.8646709,56.867645,66.10035,469.59665,501.6914,88.62819,87.01454,93.66582,final
2016-11-21,1,2228,NG023,952.0,2.1176472,1.1265407,6.8329835,9.917087,375.55676,407.7017,116.17726,79.32503,92.2111,final
2016-12-01,1,2228,NG023,952.0,3.5105042,2.5570378,6.712185,5.5482492,320.36453,337.1491,112.616936,111.03439,95.09437,final
2016-12-11,1,2228,NG023,952.0,1.3613446,1.8338585,6.989496,5.517437,251.26784,259.7361,93.085686,113.99636,96.80123,final
2016-12-21,1,2228,NG023,952.0,1.5504202,1.8489146,6.4222693,6.239811,178.17015,180.56145,95.64172,101.62333,98.71132,final
2017-01-01,1,2228,NG023,952.0,1.1144958,1.4741946,4.0262604,5.2865195,119.99999,128.31317,94.444115,87.748436,93.764175,final
2017-01-11,1,2228,NG023,952.0,1.1953782,1.4584733,3.8602943,4.8163867,67.71744,75.55266,95.92636,90.26024,90.27317,final
2017-01-21,1,2228,NG023,952.0,1.9170169,2.1438024,4.226891,5.0764704,17.482141,21.09545,96.825424,91.56868,86.153496,final
2017-02-01,1,2228,NG023,952.0,1.5735294,2.3435574,4.6859245,5.945833,15.42437,16.871464,89.51424,88.4896,93.383644,final
2017-02-11,1,2228,NG023,952.0,1.3739495,3.6236343,4.8644958,8.110994,15.714285,18.645973,73.91257,75.23835,87.601746,final
2017-02-21,1,2228,NG023,952.0,1.6859244,4.2405114,4.6334033,10.207703,15.282564,21.755041,72.35449,63.34556,75.80838,final
2017-03-01,1,2228,NG023,952.0,10.398109,10.483893,13.457983,18.34804,22.170168,29.58039,99.445984,79.05582,78.57103,final
2017-03-11,1,2228,NG023,952.0,5.938025,14.819853,18.022058,29.544258,26.74685,42.471638,55.187214,66.64511,66.875404,final
2017-03-21,1,2228,NG023,952.0,8.930673,13.104482,25.266808,38.40823,34.1271,53.6924,76.946,69.72597,66.66468,final
2017-04-01,1,2228,NG023,952.0,22.961134,31.563866,37.829834,59.4882,55.97374,83.782074,76.47204,66.414986,68.677986,final
2017-04-11,1,2228,NG023,952.0,35.431725,34.57822,67.32353,79.24657,90.21008,116.90182,102.156494,85.84746,78.103905,final
2017-04-21,1,2228,NG023,952.0,14.119748,35.06236,72.51261,101.204445,102.41282,149.82037,47.724964,72.98434,69.379,final
2017-05-01,1,2228,NG023,952.0,71.90336,59.0472,121.454834,128.68777,172.74265,206.52402,120.07295,94.589676,84.02953,final
2017-05-11,1,2228,NG023,952.0,51.570377,52.34923,137.59349,146.45879,222.93907,255.24962,98.64191,94.14673,87.58478,final
2017-05-21,1,2228,NG023,952.0,47.375,59.221954,170.84874,170.61838,268.62814,310.23105,81.55311,100.131165,86.802414,final
2017-06-01,1,2228,NG023,952.0,41.238445,67.94923,140.18382,179.52042,299.46848,367.69638,63.38442,78.68172,81.693436,final
2017-06-11,1,2228,NG023,952.0,84.856094,56.49009,173.46954,183.66127,378.38654,409.36664,146.13101,94.59787,92.523506,final
2017-06-21,1,2228,NG023,952.0,59.44748,62.237534,185.54202,186.67686,428.90335,458.4997,95.85045,99.40794,93.61459,final
2017-07-01,1,2228,NG023,952.0,53.306725,65.15301,197.61029,183.88063,459.24896,492.08884,83.11365,107.26897,93.393555,final
2017-07-11,1,2228,NG023,952.0,39.763657,67.22136,152.51785,194.61191,463.58093,524.732,61.98119,78.91205,88.45622,final
2017-07-21,1,2228,NG023,952.0,67.19643,73.7999,160.26682,206.17427,516.6576,563.4695,91.61995,78.26087,91.76528,final
2017-08-01,1,2228,NG023,952.0,99.70378,65.67948,206.66386,206.70074,544.458,570.1018,148.13887,99.982574,95.541,final
2017-08-11,1,2228,NG023,952.0,66.2416,74.19377,233.14182,213.67314,559.1292,591.94635,89.95859,108.9031,94.502495,final
2017-08-21,1,2228,NG023,952.0,119.33088,95.11628,285.27625,234.98953,631.08514,627.84064,124.18648,120.95371,100.512695,final
2017-09-01,1,2228,NG023,952.0,82.68697,73.10963,268.25946,242.41968,672.5336,633.00104,112.26141,110.44371,106.19632,final
2017-09-11,1,2228,NG023,952.0,45.311974,79.24685,247.32983,247.47276,632.98944,655.7578,59.71971,99.94339,96.5542,final
2017-09-21,1,2228,NG023,952.0,85.46534,81.02357,213.4643,233.38004,659.0073,674.5438,105.16343,91.645386,97.713684,final
2017-10-01,1,2228,NG023,952.0,49.408615,52.183228,180.18593,212.45364,655.10925,661.57404,95.14786,85.16111,99.03015,final
2017-10-11,1,2228,NG023,952.0,35.32458,54.911522,170.19855,188.11832,650.6702,649.2642,67.306885,90.72083,100.2149,final
2017-10-21,1,2228,NG023,952.0,27.095589,57.309803,111.82879,164.40456,610.56934,632.7741,51.509697,68.96437,96.518394,final
2017-11-01,1,2228,NG023,952.0,3.752101,6.925875,66.17227,119.1472,514.6176,574.0205,73.3875,57.32894,89.74079,final
2017-11-11,1,2228,NG023,952.0,1.7436975,1.8646709,32.59139,66.10035,450.11975,501.6914,98.23774,52.870895,89.821884,final
2017-11-21,1,2228,NG023,952.0,0.66071427,1.1265407,6.1565127,9.917087,331.4496,407.7017,92.39658,74.79016,81.523674,final
2017-12-01,1,2228,NG023,952.0,2.157563,2.5570378,4.5619745,5.5482492,250.9202,337.1491,94.713875,90.64987,74.79786,final
2017-12-11,1,2228,NG023,952.0,1.9107143,1.8338585,4.7289915,5.517437,207.51894,259.7361,101.12463,92.50345,80.275764,final
2017-12-21,1,2228,NG023,952.0,1.8707983,1.8489146,5.9390755,6.239811,123.92437,180.56145,100.31952,97.32437,69.478,final
2018-01-01,1,2228,NG023,952.0,1.4327731,1.4741946,5.214286,5.2865195,75.948524,128.31317,99.36021,99.29778,60.720573,final
2018-01-11,1,2228,NG023,952.0,1.1407562,1.4584733,4.444328,4.8163867,41.764706,75.55266,95.08061,96.209816,58.05483,final
2018-01-21,1,2228,NG023,952.0,1.4558823,2.1438024,4.0294113,5.0764704,16.125,21.09545,90.370384,89.60887,80.95281,final
2018-02-01,1,2228,NG023,952.0,5.087185,2.3435574,7.6838236,5.945833,17.460083,16.871464,137.36101,115.878105,102.69127,final
2018-02-11,1,2228,NG023,952.0,5.5514708,3.6236343,12.094538,8.110994,21.267857,18.645973,122.35527,130.38322,111.08807,final
2018-02-21,1,2228,NG023,952.0,12.778361,4.2405114,23.417017,10.207703,33.385506,21.755041,192.39587,186.859375,143.47018,final
2018-03-01,1,2228,NG023,952.0,8.138656,10.483893,26.468487,18.34804,39.3666,29.58039,84.8537,134.77998,128.29988,final
2018-03-11,1,2228,NG023,952.0,5.7111344,14.819853,26.62815,29.544258,43.16702,42.471638,54.042446,91.55834,101.46483,final
2018-03-21,1,2228,NG023,952.0,14.890757,13.104482,28.740547,38.40823,56.186974,53.6924,109.866486,77.728455,104.25025,final
2018-04-01,1,2228,NG023,952.0,32.890755,31.563866,53.492645,59.4882,87.64496,83.782074,103.62896,90.70286,104.350975,final
2018-04-11,1,2228,NG023,952.0,38.706932,34.57822,86.48844,79.24657,125.211136,116.90182,110.43178,108.596054,106.8164,final
2018-04-21,1,2228,NG023,952.0,13.502101,35.06236,85.099785,101.204445,137.25735,149.82037,46.183254,84.836174,91.88542,final
2018-05-01,1,2228,NG023,952.0,74.734245,59.0472,126.94328,128.68777,206.90442,206.52402,124.49296,98.6951,100.17984,final
2018-05-11,1,2228,NG023,952.0,52.04832,52.34923,140.28467,146.45879,253.40126,255.24962,99.4753,95.92357,99.289764,final
2018-05-21,1,2228,NG023,952.0,47.77626,59.221954,174.55882,170.61838,288.39917,310.23105,82.17791,102.24376,93.074326,final
2018-06-01,1,2228,NG023,952.0,51.94748,67.94923,151.77206,179.52042,332.20798,367.69638,78.064545,84.96191,90.47793,final
2018-06-11,1,2228,NG023,952.0,65.094536,56.49009,164.81827,183.66127,391.5914,409.36664,113.993225,90.01226,95.710266,final
2018-06-21,1,2228,NG023,952.0,57.065125,62.237534,174.10715,186.67686,433.76578,458.4997,92.30726,93.44224,94.66366,final
2018-07-01,1,2228,NG023,952.0,86.9916,65.15301,209.15126,183.88063,487.8666,492.08884,131.12994,113.37916,99.15061,final
2018-07-11,1,2228,NG023,952.0,60.596638,67.22136,204.65337,194.61191,509.75632,524.732,90.827194,105.03049,97.17297,final
2018-07-21,1,2228,NG023,952.0,77.44538,73.7999,225.03363,206.17427,573.6996,563.4695,104.62625,108.93071,101.79958,final
2018-08-01,1,2228,NG023,952.0,48.42647,65.67948,186.46849,206.70074,547.39185,570.1018,75.58979,90.44299,96.05114,final
2018-08-11,1,2228,NG023,952.0,62.740547,74.19377,188.6124,213.67314,558.08405,591.94635,85.53772,88.53963,94.327415,final
2018-08-21,1,2228,NG023,952.0,95.60189,95.11628,206.76892,234.98953,605.90967,627.84064,100.485054,88.2409,96.53452,final
2018-09-01,1,2228,NG023,952.0,129.80882,73.10963,288.15125,242.41968,683.771,633.00104,172.58925,118.4834,107.957664,final
2018-09-11,1,2228,NG023,952.0,43.78046,79.24685,269.19116,247.47276,662.457,655.7578,57.901825,108.60227,101.01386,final
2018-09-21,1,2228,NG023,952.0,79.489494,81.02357,253.07877,233.38004,684.88135,674.5438,98.21668,108.26359,101.52124,final
2018-10-01,1,2228,NG023,952.0,64.765755,52.183228,188.0357,212.45364,662.65546,661.57404,122.003876,88.770966,100.16223,final
2018-10-11,1,2228,NG023,952.0,38.593487,54.911522,182.84874,188.11832,640.65234,649.2642,72.76311,97.271324,98.68373,final
2018-10-21,1,2228,NG023,952.0,73.92752,57.309803,177.28676,164.40456,637.1345,632.7741,126.6695,107.60439,100.683685,final
2018-11-01,1,2228,NG023,952.0,13.528361,6.925875,126.04937,119.1472,602.2364,574.0205,155.36272,105.55967,104.87304,final
2018-11-11,1,2228,NG023,952.0,1.5094538,1.8646709,88.96533,66.10035,541.00525,501.6914,94.82543,132.15874,107.75893,final
2018-11-21,1,2228,NG023,952.0,0.7752101,1.1265407,15.813025,9.917087,446.17853,407.7017,94.265434,139.52475,109.32316,final
2018-12-01,1,2228,NG023,952.0,1.6491597,2.5570378,3.9338236,5.5482492,318.0189,337.1491,87.98632,84.69485,94.408806,final
2018-12-11,1,2228,NG023,952.0,1.3602941,1.8338585,3.784664,5.517437,275.59872,259.7361,93.07033,83.524765,105.99185,final
2018-12-21,1,2228,NG023,952.0,1.5336134,1.8489146,4.543067,6.239811,197.64285,180.56145,95.39633,84.90416,109.20526,final
2019-01-01,1,2228,NG023,952.0,1.1649159,1.4741946,4.0588236,5.2865195,134.042,128.31317,95.2229,88.064995,104.29728,final
2019-01-11,1,2228,NG023,952.0,1.2331933,1.4584733,3.9317226,4.8163867,96.68172,75.55266,96.51187,90.98788,126.23012,final
2019-01-21,1,2228,NG023,952.0,1.6638656,2.1438024,4.0619745,5.0764704,24.418066,21.09545,93.28177,89.93203,112.73255,final
2019-02-01,1,2228,NG023,952.0,3.2489495,2.3435574,6.1460085,5.945833,14.138655,16.871464,112.32906,101.82878,87.505135,final
2019-02-11,1,2228,NG023,952.0,2.0231092,3.6236343,6.9359245,8.110994,14.652311,18.645973,81.440254,91.03752,83.1106,final
2019-02-21,1,2228,NG023,952.0,12.922269,4.2405114,18.194328,10.207703,26.79937,21.755041,193.95322,152.51697,118.853745,final
2019-03-01,1,2228,NG023,952.0,15.433824,10.483893,30.379202,18.34804,40.584034,29.58039,131.96825,151.52966,131.82048,final
2019-03-11,1,2228,NG023,952.0,8.802521,14.819853,37.158615,29.544258,48.02626,42.471638,69.63988,122.04232,111.70093,final
2019-03-21,1,2228,NG023,952.0,4.9695377,13.104482,29.205881,38.40823,51.46218,53.6924,55.06669,78.800446,96.20016,final
2019-04-01,1,2228,NG023,952.0,29.25,31.563866,43.022057,59.4882,79.54727,83.782074,93.671715,74.466415,95.23012,final
2019-04-11,1,2228,NG023,952.0,23.0021,34.57822,57.221634,79.24657,101.31617,116.90182,70.75128,73.85658,87.21459,final
2019-04-21,1,2228,NG023,952.0,25.707983,35.06236,77.96008,101.204445,125.36029,149.82037,76.65047,78.11357,84.20099,final
2019-05-01,1,2228,NG023,952.0,48.67857,59.0472,97.38866,128.68777,170.78992,206.52402,83.81096,76.5879,83.10636,final
2019-05-11,1,2228,NG023,952.0,78.82248,52.34923,153.20903,146.45879,247.58928,255.24962,146.16147,104.45682,97.05654,final
2019-05-21,1,2228,NG023,952.0,70.12395,59.221954,197.625,170.61838,304.79095,310.23105,116.97549,115.37801,98.274254,final
2019-06-01,1,2228,NG023,952.0,89.02101,67.94923,237.96744,179.52042,378.3781,367.69638,128.88556,131.6751,102.866066,final
2019-06-11,1,2228,NG023,952.0,40.942226,56.49009,200.08719,183.66127,410.51785,409.36664,74.71484,108.70657,100.27783,final
2019-06-21,1,2228,NG023,952.0,53.840336,62.237534,183.80357,186.67686,459.38864,458.4997,87.51115,98.50098,100.191795,final
2019-07-01,1,2228,NG023,952.0,43.115547,65.15301,137.8981,183.88063,473.25418,492.08884,68.58658,75.65524,96.21101,final
2019-07-11,1,2228,NG023,952.0,102.05777,67.22136,199.01366,194.61191,552.3099,524.732,148.23561,102.205154,105.206,final
2019-07-21,1,2228,NG023,952.0,78.59769,73.7999,223.771,206.17427,605.1996,563.4695,106.08858,108.3328,107.340775,final
2019-08-01,1,2228,NG023,952.0,75.484245,65.67948,256.1397,206.70074,632.00525,570.1018,113.87215,123.35323,110.76391,final
2019-08-11,1,2228,NG023,952.0,43.168068,74.19377,197.25,213.67314,596.3508,591.94635,60.82305,92.48964,100.73783,final
2019-08-21,1,2228,NG023,952.0,84.38866,95.11628,203.04097,234.98953,610.6156,627.84064,89.284836,86.687515,97.278145,final
2019-09-01,1,2228,NG023,952.0,87.72794,73.10963,215.28467,242.41968,609.3225,633.00104,118.71513,89.0328,96.28864,final
2019-09-11,1,2228,NG023,952.0,97.32248,79.24685,269.4391,247.47276,665.70276,655.7578,121.45556,108.70048,101.50507,final
2019-09-21,1,2228,NG023,952.0,98.542015,81.02357,283.59244,233.38004,710.4044,674.5438,120.3647,121.06402,105.27716,final
2019-10-01,1,2228,NG023,952.0,98.05777,52.183228,293.92227,212.45364,765.34656,661.57404,180.22377,137.46483,115.56804,final
2019-10-11,1,2228,NG023,952.0,65.17542,54.911522,261.7752,188.11832,728.46423,649.2642,117.13177,138.14081,112.1052,final
2019-10-21,1,2228,NG023,952.0,82.15651,57.309803,245.3897,164.40456,732.0231,632.7741,139.87608,147.80576,115.56177,final
2019-11-01,1,2228,NG023,952.0,12.712185,6.925875,160.04413,119.1472,669.25104,574.0205,148.51895,132.94228,116.44683,final
2019-11-11,1,2228,NG023,952.0,7.234244,1.8646709,102.10294,66.10035,633.3172,501.6914,178.2204,150.63632,125.9775,final
2019-11-21,1,2228,NG023,952.0,1.8046218,1.1265407,21.75105,9.917087,550.73315,407.7017,111.067924,179.3316,134.65735,final
2019-12-01,1,2228,NG023,952.0,2.2867646,2.5570378,11.32563,5.5482492,465.29205,337.1491,96.42355,154.771,137.45236,final
2019-12-11,1,2228,NG023,952.0,1.4705882,1.8338585,5.5619745,5.517437,369.44012,259.7361,94.68426,100.42347,141.43901,final
2019-12-21,1,2228,NG023,952.0,1.3918067,1.8489146,5.1491594,6.239811,272.28992,180.56145,93.325836,90.29653,149.43294,final
2020-01-01,1,2228,NG023,952.0,1.592437,1.4741946,4.454832,5.2865195,175.82457,128.31317,101.826355,91.91478,135.63895,final
2020-01-11,1,2228,NG023,952.0,1.302521,1.4584733,4.286765,4.8163867,111.95168,75.55266,97.585304,94.60471,145.18663,final
2020-01-21,1,2228,NG023,952.0,1.8581933,2.1438024,4.7531514,5.0764704,31.653362,21.09545,96.002,96.79134,140.45882,final
2020-02-01,1,2228,NG023,952.0,1.1659664,2.3435574,4.3266807,5.945833,20.107141,16.871464,83.9643,85.207596,114.79407,final
2020-02-11,1,2228,NG023,952.0,1.3781513,3.6236343,4.402311,8.110994,14.251049,18.645973,73.961296,71.71319,81.41364,final
2020-02-21,1,2228,NG023,952.0,1.4516807,4.2405114,3.9957983,10.207703,13.898108,21.755041,69.81952,59.15291,70.63382,final
2020-03-01,1,2228,NG023,952.0,18.296219,10.483893,21.12605,18.34804,29.907562,29.58039,150.45453,111.89827,100.94611,final
2020-03-11,1,2228,NG023,952.0,13.321428,14.819853,33.06933,29.544258,41.758404,42.471638,92.43978,110.204506,98.49756,final
2020-03-21,1,2228,NG023,952.0,17.165966,13.104482,48.783615,38.40823,57.532566,53.6924,122.43359,123.90188,106.54286,final
2020-04-01,1,2228,NG023,952.0,32.52941,31.563866,63.016808,59.4882,88.46954,83.782074,102.64071,105.47171,105.27975,final
2020-04-11,1,2228,NG023,952.0,13.7279415,34.57822,63.423317,79.24657,100.894966,116.90182,47.318806,81.217926,86.869064,final
2020-04-21,1,2228,NG023,952.0,27.605042,35.06236,73.8624,101.204445,126.64181,149.82037,81.38573,74.25527,85.02875,final
2020-05-01,1,2228,NG023,952.0,34.15441,59.0472,75.4874,128.68777,159.63025,206.52402,61.13369,60.2055,77.83052,final
2020-05-11,1,2228,NG023,952.0,51.116596,52.34923,112.87605,146.45879,209.3687,255.24962,97.85065,77.82715,82.370415,final
2020-05-21,1,2228,NG023,952.0,98.84244,59.221954,184.11345,170.61838,306.75946,310.23105,161.69305,107.68431,98.89871,final
2020-06-01,1,2228,NG023,952.0,66.35084,67.94923,216.30988,179.52042,354.8141,367.69638,97.80891,119.93788,96.54349,final
2020-06-11,1,2228,NG023,952.0,35.06933,56.49009,200.2626,183.66127,376.56195,409.36664,65.16388,108.79954,92.083176,final
2020-06-21,1,2228,NG023,952.0,81.32668,62.237534,182.74686,186.67686,440.7227,458.4997,128.39061,97.94967,96.16461,final
2020-07-01,1,2228,NG023,952.0,79.95273,65.15301,196.34874,183.88063,488.14603,492.08884,121.09635,106.60104,99.20682,final
2020-07-11,1,2228,NG023,952.0,82.54727,67.22136,243.82669,194.61191,556.96533,524.732,121.22074,124.655235,106.08484,final
2020-07-21,1,2228,NG023,952.0,46.364494,73.7999,208.8645,206.17427,575.72485,563.4695,65.18346,101.27394,102.15585,final
2020-08-01,1,2228,NG023,952.0,15.493697,65.67948,144.40547,206.70074,557.0641,570.1018,28.995258,70.5739,97.73297,final
2020-08-11,1,2228,NG023,952.0,58.661766,74.19377,120.51996,213.67314,564.60925,591.94635,80.387344,57.400723,95.42051,final
2020-08-21,1,2228,NG023,952.0,94.98529,95.11628,169.14075,234.98953,560.7521,627.84064,99.86916,72.561806,89.39882,final
2020-09-01,1,2228,NG023,952.0,66.768906,73.10963,220.41597,242.41968,561.17017,633.00104,91.882286,91.10673,88.741264,final
2020-09-11,1,2228,NG023,952.0,88.7479,79.24685,250.5021,247.47276,614.84875,655.7578,111.27764,101.19987,93.80876,final
2020-09-21,1,2228,NG023,952.0,100.07353,81.02357,255.59035,233.38004,633.59564,674.5438,122.14506,109.317184,93.97417,final
2020-10-01,1,2228,NG023,952.0,47.612396,52.183228,236.43384,212.45364,601.25525,661.57404,92.0067,111.02773,90.95093,final
2020-10-11,1,2228,NG023,952.0,36.17857,54.911522,183.8645,188.11832,554.8866,649.2642,68.7323,97.7973,85.575,final
2020-10-21,1,2228,NG023,952.0,25.278362,57.309803,109.069336,164.40456,533.8004,632.7741,48.593254,67.33546,84.48139,final
2020-11-01,1,2228,NG023,952.0,2.4243698,6.925875,63.8813,119.1472,520.73114,574.0205,62.2543,55.483574,90.79664,final
2020-11-11,1,2228,NG023,952.0,0.9033613,1.8646709,28.606094,66.10035,462.97266,501.6914,85.99628,47.265724,92.35851,final
2020-11-21,1,2228,NG023,952.0,0.7090336,1.1265407,4.0367646,9.917087,368.69644,407.7017,93.18527,60.579956,90.5488,final
2020-12-01,1,2228,NG023,952.0,3.087185,2.5570378,4.6995797,5.5482492,305.0147,337.1491,107.015274,91.9544,90.60807,final
2020-12-11,1,2228,NG023,952.0,3.6323528,1.8338585,7.428571,5.517437,219.89917,259.7361,126.317406,118.171104,84.9522,final
2020-12-21,1,2228,NG023,952.0,2.3434875,1.8489146,9.063025,6.239811,122.16913,180.56145,107.22118,125.118,68.53209,final
2021-01-01,1,2228,NG023,952.0,1.2111344,1.4741946,7.186975,5.2865195,75.76785,128.31317,95.93679,118.4752,60.585052,final
2021-01-11,1,2228,NG023,952.0,1.1029412,1.4584733,4.657563,4.8163867,40.69223,75.55266,94.4951,98.38205,56.723427,final
2021-01-21,1,2228,NG023,952.0,1.3014706,2.1438024,3.6155462,5.0764704,16.715336,21.09545,88.208916,85.50163,83.21503,final
2021-02-01,1,2228,NG023,952.0,1.382353,2.3435574,3.7867646,5.945833,15.67332,16.871464,86.91092,80.27497,94.52189,final
2021-02-11,1,2228,NG023,952.0,2.567227,3.6236343,5.2510505,8.110994,17.337185,18.645973,87.749855,78.186676,94.46507,final
2021-02-21,1,2228,NG023,952.0,1.9002101,4.2405114,5.8497896,10.207703,18.528362,21.755041,74.67348,71.34404,87.939926,final
2021-03-01,1,2228,NG023,952.0,3.6165967,10.483893,8.084034,18.34804,19.057774,29.58039,55.64877,56.039112,69.570564,final
2021-03-11,1,2228,NG023,952.0,22.837185,14.819853,28.353992,29.544258,38.262604,42.471638,140.45102,96.554375,91.13358,final
2021-03-21,1,2228,NG023,952.0,9.714286,13.104482,36.168068,38.40823,45.633404,53.6924,81.27428,94.83932,86.26909,final
2021-04-01,1,2228,NG023,952.0,18.903362,31.563866,51.454834,59.4882,63.325634,83.782074,65.374275,87.542885,76.958824,final
2021-04-11,1,2228,NG023,952.0,34.515755,34.57822,63.133404,79.24657,96.73845,116.90182,99.84217,80.87381,83.459335,final
2021-04-21,1,2228,NG023,952.0,21.84874,35.06236,75.26785,101.204445,117.28572,149.82037,67.01737,75.57862,78.98555,final
2021-05-01,1,2228,NG023,952.0,83.67332,59.0472,140.03781,128.68777,199.57669,206.52402,138.44995,108.48995,96.71558,final
2021-05-11,1,2228,NG023,952.0,35.85294,52.34923,141.375,146.45879,232.8624,255.24962,71.235374,96.643456,91.39779,final
2021-05-21,1,2228,NG023,952.0,45.22269,59.221954,164.74895,170.61838,276.18488,310.23105,78.201744,96.65785,89.199615,final
2021-06-01,1,2228,NG023,952.0,84.393906,67.94923,165.46954,179.52042,356.96216,367.69638,122.54263,92.38519,97.11985,final
2021-06-11,1,2228,NG023,952.0,52.47794,56.49009,182.09453,183.66127,386.60294,409.36664,93.47513,99.16955,94.506386,final
2021-06-21,1,2228,NG023,952.0,70.507355,62.237534,207.3792,186.67686,447.396,458.4997,112.29941,110.800644,97.60438,final
2021-07-01,1,2228,NG023,952.0,46.760506,65.15301,169.74579,183.88063,475.2531,492.08884,73.78231,92.516525,96.61314,final
2021-07-11,1,2228,NG023,952.0,37.267857,67.22136,154.53572,194.61191,478.00522,524.732,58.525425,79.92295,91.17917,final
2021-07-21,1,2228,NG023,952.0,18.659664,73.7999,102.688034,206.17427,474.81616,563.4695,30.024994,50.994865,84.40491,final
2021-08-01,1,2228,NG023,952.0,112.23529,65.67948,168.16281,206.70074,503.37814,570.1018,165.86891,81.796036,88.39794,final
2021-08-11,1,2228,NG023,952.0,85.71218,74.19377,216.60715,213.67314,553.23737,591.94635,114.54459,101.341736,93.515495,final
2021-08-21,1,2228,NG023,952.0,82.28466,95.11628,280.23215,234.98953,590.2994,627.84064,87.18329,118.85191,94.06782,final
2021-09-01,1,2228,NG023,952.0,93.7542,73.10963,261.75104,242.41968,599.65967,633.00104,126.43026,107.813194,94.77409,final
2021-09-11,1,2228,NG023,952.0,50.755253,79.24685,226.79411,247.47276,597.93695,655.7578,66.18082,91.809555,91.24931,final
2021-09-21,1,2228,NG023,952.0,80.77101,81.02357,225.28047,233.38004,608.2006,674.5438,99.70641,96.60225,90.2371,final
2021-10-01,1,2228,NG023,952.0,98.268906,52.183228,229.79517,212.45364,659.70905,661.57404,180.593,107.974815,99.72021,final
2021-10-11,1,2228,NG023,952.0,24.841387,54.911522,203.8813,188.11832,647.2826,649.2642,49.809093,108.162346,99.69712,final
2021-10-21,1,2228,NG023,952.0,67.704834,57.309803,190.81512,164.40456,696.32776,632.7741,116.682816,115.59024,109.96492,final
2021-11-01,1,2228,NG023,952.0,12.670168,6.925875,105.216385,119.1472,596.7626,574.0205,148.16664,88.77879,103.92768,final
2021-11-11,1,2228,NG023,952.0,1.9138656,1.8646709,82.288864,66.10035,512.9643,501.6914,100.71664,122.76855,102.2248,final
2021-11-21,1,2228,NG023,952.0,1.0231092,1.1265407,15.607143,9.917087,431.70276,407.7017,98.31175,138.14455,105.8156,final
2021-12-01,1,2228,NG023,952.0,1.9527311,2.5570378,4.8897057,5.5482492,339.90125,337.1491,92.003395,93.75684,100.80437,final
2021-12-11,1,2228,NG023,952.0,1.3350841,1.8338585,4.3109245,5.517437,290.48108,259.7361,92.70142,88.52846,111.61344,final
2021-12-21,1,2228,NG023,952.0,1.3665966,1.8489146,4.654412,6.239811,211.07666,180.56145,92.95775,85.89478,116.4448,final
2022-01-01,1,2228,NG023,952.0,1.1218487,1.4741946,3.8235292,5.2865195,113.92962,128.31317,94.557686,85.777596,89.21071,final
2022-01-11,1,2228,NG023,952.0,1.1144958,1.4584733,3.602941,4.8163867,90.20273,75.55266,94.67401,87.638565,118.18695,final
2022-01-21,1,2228,NG023,952.0,1.2153361,2.1438024,3.4516804,5.0764704,23.713238,21.09545,87.00318,83.875404,110.03159,final
2022-02-01,1,2228,NG023,952.0,1.1586134,2.3435574,3.4884453,5.945833,12.201679,16.871464,83.86417,77.54956,78.648964,final
2022-02-11,1,2228,NG023,952.0,1.4653361,3.6236343,3.8392856,8.110994,11.753151,18.645973,74.97228,67.418884,70.849915,final
2022-02-21,1,2228,NG023,952.0,1.3571428,4.2405114,3.9810925,10.207703,12.087184,21.755041,68.79645,59.05621,63.86529,final
2022-03-01,1,2228,NG023,952.0,17.589285,10.483893,20.411764,18.34804,27.723738,29.58039,145.88893,108.83897,94.63091,final
2022-03-11,1,2228,NG023,952.0,16.430672,14.819853,35.377098,29.544258,42.819324,42.471638,108.1273,116.885124,100.73241,final
2022-03-21,1,2228,NG023,952.0,7.6995797,13.104482,41.71954,38.40823,49.15231,53.6924,70.14606,107.628296,92.264595,final
2022-04-01,1,2228,NG023,952.0,25.69958,31.563866,49.82983,59.4882,73.73004,83.782074,83.961525,85.02304,88.67786,final
2022-04-11,1,2228,NG023,952.0,30.328781,34.57822,63.72794,79.24657,102.94433,116.90182,89.26319,81.579506,88.550224,final
2022-04-21,1,2228,NG023,952.0,50.205883,35.06236,106.23424,101.204445,151.93488,149.82037,137.79988,104.73596,101.36578,final
2022-05-01,1,2228,NG023,952.0,43.762604,59.0472,124.29727,128.68777,194.53886,206.52402,76.13543,96.71586,94.33391,final
2022-05-11,1,2228,NG023,952.0,51.638657,52.34923,145.60715,146.45879,244.71219,255.24962,98.76097,99.437706,95.95103,final
2022-05-21,1,2228,NG023,952.0,53.539917,59.221954,148.94118,170.61838,296.89496,310.23105,91.152504,87.65665,95.769424,final
2022-06-01,1,2228,NG023,952.0,57.7542,67.94923,162.93277,179.52042,337.05988,367.69638,86.02449,91.0104,91.77977,final
2022-06-11,1,2228,NG023,952.0,47.042015,56.49009,158.33612,183.66127,367.67123,409.36664,84.634796,86.57639,89.93755,final
2022-06-21,1,2228,NG023,952.0,104.39811,62.237534,209.19434,186.67686,464.36975,458.4997,162.70393,111.74762,101.266464,final
2022-07-01,1,2228,NG023,952.0,64.65756,65.15301,216.09769,183.88063,503.32773,492.08884,99.29376,117.05683,102.26095,final
2022-07-11,1,2228,NG023,952.0,23.618698,67.22136,192.67436,194.61191,496.61768,524.732,39.62636,99.02934,94.692726,final
2022-07-21,1,2228,NG023,952.0,113.89286,73.7999,202.16913,206.17427,560.3046,563.4695,150.87947,98.10339,99.44327,final
2022-08-01,1,2228,NG023,952.0,16.837185,65.67948,154.34875,206.70074,533.3792,570.1018,30.896074,75.27076,93.61459,final
2022-08-11,1,2228,NG023,952.0,78.95378,74.19377,209.68382,213.67314,560.69434,591.94635,106.01059,98.17567,94.76469,final
2022-08-21,1,2228,NG023,952.0,109.99475,95.11628,205.78572,234.98953,617.1492,627.84064,114.86119,87.831215,98.31056,final
2022-09-01,1,2228,NG023,952.0,29.656513,73.10963,218.60504,242.41968,589.05145,633.00104,44.36907,90.3748,93.11136,final
2022-09-11,1,2228,NG023,952.0,46.963234,79.24685,186.6145,247.47276,588.9727,655.7578,61.679737,75.89512,89.89265,final
2022-09-21,1,2228,NG023,952.0,93.283615,81.02357,169.90337,233.38004,577.8582,674.5438,114.25196,73.37165,85.77198,final
2022-10-01,1,2228,NG023,952.0,97.88025,52.183228,238.1271,212.45364,611.08093,661.57404,179.91333,111.806404,92.42498,final
2022-10-11,1,2228,NG023,952.0,75.954834,54.911522,267.1187,188.11832,663.41705,649.2642,135.12398,140.90776,102.16317,final
2022-10-21,1,2228,NG023,952.0,70.43382,57.309803,244.2689,164.40456,619.958,632.7741,121.06253,147.14415,97.99049,final
2022-11-01,1,2228,NG023,952.0,3.2752101,6.925875,149.66386,119.1472,606.396,574.0205,69.3887,124.581024,105.59143,final
2022-11-11,1,2228,NG023,952.0,0.9117647,1.8646709,74.6208,66.10035,528.354,501.6914,86.11869,111.983696,105.2621,final
2022-11-21,1,2228,NG023,952.0,0.6964286,1.1265407,4.883404,9.917087,419.05573,407.7017,92.97953,66.255585,102.751144,final
2022-12-01,1,2228,NG023,952.0,1.7762605,2.5570378,3.3844538,5.5482492,391.17545,337.1491,89.668205,79.48669,115.7903,final
2022-12-11,1,2228,NG023,952.0,2.512605,1.8338585,4.9852943,5.517437,346.72485,259.7361,109.93211,94.94038,132.85866,final
2022-12-21,1,2228,NG023,952.0,1.4579831,1.8489146,5.7468486,6.239811,254.89914,180.56145,94.29206,95.61415,140.06096,final
2023-01-01,1,2228,NG023,952.0,1.0136554,1.4741946,4.9842434,5.2865195,158.03255,128.31317,92.88654,97.06143,122.2929,final
2023-01-11,1,2228,NG023,952.0,0.98214287,1.4584733,3.4537816,4.8163867,83.05987,75.55266,92.624725,86.119064,109.319626,final
2023-01-21,1,2228,NG023,952.0,1.6964285,2.1438024,3.692227,5.0764704,14.322478,21.09545,93.73759,86.26261,74.045395,final
2023-02-01,1,2228,NG023,952.0,1.0556723,2.3435574,3.7342439,5.945833,12.102941,16.871464,82.46238,79.79514,78.19751,final
2023-02-11,1,2228,NG023,952.0,1.2163866,3.6236343,3.9684875,8.110994,12.407563,18.645973,72.085464,68.40433,73.61745,final
2023-02-21,1,2228,NG023,952.0,2.642857,4.2405114,4.914916,10.207703,14.353992,21.755041,82.710335,65.19668,72.33774,final
2023-03-01,1,2228,NG023,952.0,21.912815,10.483893,25.772058,18.34804,34.490547,29.58039,173.81168,131.79718,114.19924,final
2023-03-11,1,2228,NG023,952.0,14.635504,14.819853,39.191177,29.544258,46.613445,42.471638,99.06988,127.926254,108.72481,final
2023-03-21,1,2228,NG023,952.0,33.92752,13.104482,70.47584,38.40823,79.082985,53.6924,215.01593,173.87448,143.26044,final
2023-04-01,1,2228,NG023,952.0,25.509455,31.563866,74.07248,59.4882,103.57878,83.782074,83.44154,122.61541,122.29809,final
2023-04-11,1,2228,NG023,952.0,26.532562,34.57822,85.969536,79.24657,129.1292,116.90182,79.6715,107.98011,110.03051,final
2023-04-21,1,2228,NG023,952.0,26.558823,35.06236,78.60084,101.204445,153.9916,149.82037,78.77425,78.71689,102.69423,final
2023-05-01,1,2228,NG023,952.0,32.307774,59.0472,85.399155,128.68777,185.24368,206.52402,58.25044,67.61961,89.939514,final
2023-05-11,1,2228,NG023,952.0,76.92647,52.34923,135.79306,146.45879,260.9538,255.24962,142.8554,92.958,102.1918,final
2023-05-21,1,2228,NG023,952.0,72.60399,59.221954,181.83823,170.61838,330.91492,310.23105,120.837166,106.38877,106.56149,final
2023-06-01,1,2228,NG023,952.0,96.47899,67.94923,246.00945,179.52042,405.48108,367.69638,139.10907,136.03343,110.1382,final
2023-06-11,1,2228,NG023,952.0,89.25525,56.49009,258.33823,183.66127,480.10083,409.36664,153.28526,139.58257,117.070435,final
2023-06-21,1,2228,NG023,952.0,36.732143,62.237534,222.46638,186.67686,482.9055,458.4997,62.06674,118.6718,105.26555,final
2023-07-01,1,2228,NG023,952.0,73.28571,65.15301,199.2731,183.88063,530.6817,492.08884,111.592804,108.149315,107.76378,final
2023-07-11,1,2228,NG023,952.0,82.864494,67.22136,192.88235,194.61191,587.0136,524.732,121.65998,99.13354,111.757195,final
2023-07-21,1,2228,NG023,952.0,83.83718,73.7999,239.9874,206.17427,644.29193,563.4695,112.73769,116.011955,114.21755,final
2023-08-01,1,2228,NG023,952.0,33.839287,65.67948,200.54095,206.70074,645.8235,570.1018,54.951294,97.09033,113.16666,final
2023-08-11,1,2228,NG023,952.0,61.008404,74.19377,178.68488,213.67314,629.90546,591.94635,83.3505,83.99974,106.35889,final
2023-08-21,1,2228,NG023,952.0,83.89706,95.11628,178.74475,234.98953,641.19855,627.84064,88.79381,76.56365,102.110794,final
2023-09-01,1,2228,NG023,952.0,103.63655,73.10963,248.542,242.41968,648.3561,633.00104,139.08215,102.47447,102.40674,final
2023-09-11,1,2228,NG023,952.0,81.42962,79.24685,268.96323,247.47276,640.53046,655.7578,102.59092,108.51199,97.69547,final
2023-09-21,1,2228,NG023,952.0,89.908615,81.02357,274.9748,233.38004,693.707,674.5438,110.32861,117.44893,102.82,final
2023-10-01,1,2228,NG023,952.0,73.292015,52.183228,244.63025,212.45364,693.7132,661.57404,136.9143,114.797,104.82154,final
2023-10-11,1,2228,NG023,952.0,46.45063,54.911522,209.65125,188.11832,657.2994,649.2642,85.877686,111.15012,101.22812,final
2023-10-21,1,2228,NG023,952.0,86.76996,57.309803,206.5126,164.40456,660.2321,632.7741,147.28014,124.85651,104.30529,final
2023-11-01,1,2228,NG023,952.0,8.515757,6.925875,141.73634,119.1472,634.9086,574.0205,113.33137,118.19545,110.51572,final
2023-11-11,1,2228,NG023,952.0,2.5073528,1.8646709,97.79307,66.10035,576.4075,501.6914,109.362175,144.57463,114.745865,final
2023-11-21,1,2228,NG023,952.0,2.3760505,1.1265407,13.39916,9.917087,494.88654,407.7017,120.39503,123.34286,121.12539,final
2023-12-01,1,2228,NG023,952.0,2.2888656,2.5570378,7.172269,5.5482492,393.53885,337.1491,96.45136,115.3961,116.48104,final
2023-12-11,1,2228,NG023,952.0,1.7647059,1.8338585,6.4296217,5.517437,313.87393,259.7361,98.98808,108.67307,120.44974,final
2023-12-21,1,2228,NG023,952.0,1.7027311,1.8489146,5.756303,6.239811,225.66808,180.56145,97.86559,95.69826,124.30819,final
2024-01-01,1,2228,NG023,952.0,1.1165966,1.4741946,4.5840335,5.2865195,153.49265,128.31317,94.47657,93.17081,118.88746,final
2024-01-11,1,2228,NG023,952.0,1.0357143,1.4584733,3.855042,4.8163867,108.077736,75.55266,93.45419,90.206726,140.37741,final
2024-01-21,1,2228,NG023,952.0,1.3140756,2.1438024,3.4663863,5.0764704,22.621851,21.09545,88.38535,84.021355,105.849304,final
2024-02-01,1,2228,NG023,952.0,2.1586134,2.3435574,4.5084033,5.945833,16.264706,16.871464,97.481544,86.86779,97.2258,final
2024-02-11,1,2228,NG023,952.0,3.570378,3.6236343,7.043067,8.110994,17.32773,18.645973,99.38244,91.85472,94.42508,final
2024-02-21,1,2228,NG023,952.0,6.6481094,4.2405114,12.377101,10.207703,21.59979,21.755041,126.054825,114.26513,99.41973,final
2024-03-01,1,2228,NG023,952.0,29.339285,10.483893,39.557774,18.34804,48.650208,29.58039,221.77425,190.8416,155.14633,final
2024-03-11,1,2228,NG023,952.0,8.814075,14.819853,44.80147,29.544258,55.69958,42.471638,69.69817,144.16714,127.864944,final
2024-03-21,1,2228,NG023,952.0,5.821429,13.104482,43.97479,38.40823,59.81828,53.6924,59.7721,112.82374,110.43726,final
2024-04-01,1,2228,NG023,952.0,48.567226,31.563866,63.20273,59.4882,107.268906,83.782074,146.50319,105.76,126.454475,final
2024-04-11,1,2228,NG023,952.0,15.737395,34.57822,70.12605,79.24657,121.97059,116.90182,52.39598,89.17402,104.15808,final
2024-04-21,1,2228,NG023,952.0,29.097689,35.06236,93.402306,101.204445,149.7542,149.82037,85.11153,92.65366,99.95726,final
2024-05-01,1,2228,NG023,952.0,62.57353,59.0472,107.408615,128.68777,210.16913,206.52402,105.50584,84.08295,101.72327,final
2024-05-11,1,2228,NG023,952.0,50.45483,52.34923,142.12605,146.45879,257.05356,255.24962,96.69673,97.139336,100.69315,final
2024-05-21,1,2228,NG023,952.0,53.2437,59.221954,166.27206,170.61838,303.64917,310.23105,90.69125,97.52514,97.91204,final
2024-06-01,1,2228,NG023,952.0,54.135506,67.94923,157.83405,179.52042,328.44537,367.69638,81.06393,88.24717,89.46837,final
2024-06-11,1,2228,NG023,952.0,70.588234,56.49009,177.96744,183.66127,390.2195,409.36664,122.92751,96.98198,95.37919,final
2024-06-21,1,2228,NG023,952.0,75.908615,62.237534,200.63235,186.67686,460.3067,458.4997,120.33251,107.28075,100.38986,final
2024-07-01,1,2228,NG023,952.0,72.00105,65.15301,218.49791,183.88063,483.74054,492.08884,109.76158,118.32759,98.320564,final
2024-07-11,1,2228,NG023,952.0,95.20063,67.22136,243.11029,194.61191,563.20374,524.732,138.741,124.29633,107.26249,final
2024-07-21,1,2228,NG023,952.0,16.903362,73.7999,184.10506,206.17427,551.00946,563.4695,27.796183,89.54929,97.80814,final
2024-08-01,1,2228,NG023,952.0,13.760504,65.67948,125.864494,206.70074,502.19638,570.1018,26.543068,61.8158,88.19245,final
2024-08-11,1,2228,NG023,952.0,14.8970585,74.19377,45.560925,213.67314,466.63864,591.94635,25.124523,23.121689,79.00855,final
2024-08-21,1,2228,NG023,952.0,73.768906,95.11628,102.42647,234.98953,487.16388,627.84064,78.67742,44.76298,77.770584,final
2024-09-01,1,2228,NG023,952.0,57.603992,73.10963,146.26996,242.41968,490.6324,633.00104,80.14888,61.13902,77.6852,final
2024-09-11,1,2228,NG023,952.0,86.02416,79.24685,217.39706,247.47276,506.0683,655.7578,108.044586,88.08755,77.34578,final
2024-09-21,1,2228,NG023,952.0,65.780464,81.02357,209.40863,233.38004,495.94016,674.5438,82.28032,89.94404,73.717125,final
2024-10-01,1,2228,NG023,952.0,82.43803,52.183228,234.24265,212.45364,506.3771,661.57404,152.90851,110.020065,76.717224,final
2024-10-11,1,2228,NG023,952.0,110.27731,54.911522,258.4958,188.11832,521.45374,649.2642,192.4126,136.44267,80.465004,final
2024-10-21,1,2228,NG023,952.0,72.74475,57.309803,265.46008,164.40456,577.29517,632.7741,124.77129,159.65337,91.30116,final
2024-11-01,1,2228,NG023,952.0,3.0157564,6.925875,186.03783,119.1472,566.5504,574.0205,67.21315,153.8801,98.70988,final
2024-11-11,1,2228,NG023,952.0,1.197479,1.8646709,76.957985,66.10035,552.85077,501.6914,90.28079,115.27087,110.096756,final
2024-11-21,1,2228,NG023,952.0,1.079832,1.1265407,5.2930675,9.917087,480.16177,407.7017,99.2376,69.00186,117.5575,final
2024-12-01,1,2228,NG023,952.0,2.6932774,2.5570378,4.970588,5.5482492,425.25104,337.1491,101.80281,94.523636,125.74957,final
2024-12-11,1,2228,NG023,952.0,2.0084033,1.8338585,5.7815127,5.517437,341.23526,259.7361,102.554115,102.51085,130.78505,final
2024-12-21,1,2228,NG023,952.0,1.6565126,1.8489146,6.3581934,6.239811,277.11133,180.56145,97.190765,101.05324,152.03122,final
2025-01-01,1,2228,NG023,952.0,1.0609244,1.4741946,4.7258406,5.2865195,195.73427,128.31317,93.61666,94.54938,150.57347,final
2025-01-11,1,2228,NG023,952.0,1.1617647,1.4584733,3.879202,4.8163867,86.61869,75.55266,95.4059,90.45285,113.73764,final
2025-01-21,1,2228,NG023,952.0,1.4527311,2.1438024,3.6754203,5.0764704,15.326681,21.09545,90.32628,86.095825,77.893585,final
2025-02-01,1,2228,NG023,952.0,1.7857143,2.3435574,4.40021,5.945833,14.096639,16.871464,92.40364,85.87934,87.313034,final
2025-02-11,1,2228,NG023,952.0,2.2951682,3.6236343,5.533613,8.110994,15.194328,18.645973,84.595055,80.341835,85.402824,final
2025-02-21,1,2228,NG023,952.0,4.8981094,4.2405114,8.978992,10.207703,19.012606,21.755041,107.11647,91.92048,89.74984,final
2025-03-01,1,2228,NG023,952.0,4.1397057,10.483893,11.332983,18.34804,20.459034,29.58039,59.027184,69.95441,73.62274,final
2025-03-11,1,2228,NG023,952.0,16.838236,14.819853,25.87605,29.544258,35.288864,42.471638,110.18365,89.38114,84.86934,final
2025-03-21,1,2228,NG023,952.0,16.913866,13.104482,37.891808,38.40823,50.54622,53.6924,121.04112,98.81032,94.63954,final
2025-04-01,1,2228,NG023,952.0,29.670168,31.563866,63.42227,59.4882,79.155464,83.782074,94.82085,106.10044,94.7888,final
2025-04-11,1,2228,NG023,952.0,14.391807,34.57822,60.97584,79.24657,92.385506,116.90182,48.99616,78.312805,79.88847,final
2025-04-21,1,2228,NG023,952.0,45.987396,35.06236,90.04937,101.204445,136.92017,149.82037,127.27008,89.4966,91.667625,final
2025-05-01,1,2228,NG023,952.0,31.329832,59.0472,91.70904,128.68777,166.4643,206.52402,56.723534,72.33948,81.06138,final
2025-05-11,1,2228,NG023,952.0,40.963234,52.34923,118.280464,146.45879,205.13235,255.24962,80.1462,81.395386,80.742615,final
2025-05-21,1,2228,NG023,952.0,37.22689,59.221954,109.51996,170.61838,237.46115,310.23105,65.75149,65.20956,76.915375,final
2025-06-01,1,2228,NG023,952.0,48.266808,67.94923,126.45693,179.52042,281.58826,367.69638,73.01901,71.242485,76.895905,final
2025-06-11,1,2228,NG023,952.0,93.02311,56.49009,178.51682,183.66127,357.77313,409.36664,159.41286,97.27318,87.54883,final
2025-06-21,1,2228,NG023,952.0,62.186974,62.237534,203.4769,186.67686,403.04623,458.4997,99.924805,108.76477,88.03593,final
2025-07-01,1,2228,NG023,952.0,114.3771,65.15301,269.5872,183.88063,487.75317,492.08884,170.16675,145.37604,99.127785,final
2025-07-11,1,2228,NG023,952.0,30.740545,67.22136,207.30461,194.61191,504.1019,524.732,49.487503,106.358696,96.10556,final
2025-07-21,1,2228,NG023,952.0,54.52311,73.7999,199.64075,206.17427,512.63763,563.4695,75.53704,96.9061,91.05812,final
2025-08-01,1,2228,NG023,952.0,72.22899,65.67948,157.49265,206.70074,553.53674,570.1018,109.266495,76.75582,97.11963,final
2025-08-11,1,2228,NG023,952.0,30.90126,74.19377,157.65335,213.67314,543.4748,591.94635,45.33344,74.38195,91.88008,final
2025-08-21,1,2228,NG023,952.0,37.45378,95.11628,140.58403,234.98953,543.70166,627.84064,42.404472,60.66266,86.70456,final
2025-09-01,1,2228,NG023,952.0,42.158615,73.10963,110.51366,242.41968,537.5935,633.00104,60.37491,46.687336,85.04587,final
2025-09-11,1,2228,NG023,952.0,86.94958,79.24685,166.56198,247.47276,531.51996,655.7578,109.14304,67.95267,81.19767,final
2025-09-21,1,2228,NG023,952.0,100.92122,81.02357,230.0294,233.38004,570.2542,674.5438,123.13046,98.59441,84.653,final
2025-10-01,1,2228,NG023,952.0,56.391808,52.183228,244.2626,212.45364,512.26886,661.57404,107.35982,114.62792,77.60111,final
2025-10-11,1,2228,NG023,952.0,61.32563,54.911522,218.63864,188.11832,542.854,649.2642,110.70597,115.803955,83.73589,final
2025-10-21,1,2228,NG023,952.0,30.663866,57.309803,148.3813,164.40456,518.99475,632.7741,57.236362,90.54143,82.15993,final
2025-11-01,1,2228,NG023,952.0,10.011555,6.925875,102.00105,119.1472,456.77734,574.0205,125.873825,86.18886,79.751465,final
2025-11-11,1,2228,NG023,952.0,4.370798,1.8646709,45.04622,66.10035,430.2469,501.6914,136.5076,70.38815,85.899796,final
2025-11-21,1,2228,NG023,952.0,2.5451682,1.1265407,16.92752,9.917087,395.33823,407.7017,123.15544,146.996,97.00426,final
2025-12-01,1,2228,NG023,952.0,5.512605,2.5570378,12.428572,5.5482492,358.69223,337.1491,139.11014,165.22716,106.29641,final
2025-12-11,1,2228,NG023,952.0,1.8571428,1.8338585,9.914916,5.517437,273.59976,259.7361,100.34072,141.81133,105.23678,final
2025-12-21,1,2228,NG023,952.0,1.9978992,1.8489146,9.367647,6.239811,174.67647,180.56145,102.17529,127.82819,96.82855,final
2026-01-01,1,2228,NG023,952.0,1.2132353,1.4741946,5.0682774,5.2865195,119.497894,128.31317,95.96924,97.87836,93.38754,final
2026-01-11,1,2228,NG023,952.0,1.5052521,1.4584733,4.716387,4.8163867,59.67752,75.55266,100.724304,98.98129,80.29222,final
2026-01-21,1,2228,NG023,952.0,1.1922269,2.1438024,3.9107141,5.0764704,30.205885,21.09545,86.6797,88.43091,134.91197,final
2026-02-01,1,2228,NG023,952.0,8.460084,2.3435574,11.157563,5.945833,28.654411,16.871464,183.29105,147.61383,153.87361,final
2026-02-11,1,2228,NG023,952.0,8.931723,3.6236343,18.584034,8.110994,33.215332,18.645973,161.5528,179.87984,161.61455,final
2026-02-21,1,2228,NG023,952.0,2.3855042,4.2405114,19.777311,10.207703,33.05567,21.755041,79.92528,162.92607,142.2374,final
2026-03-01,1,2228,NG023,952.0,6.3413863,10.483893,17.658613,18.34804,33.884453,29.58039,73.246346,97.04717,112.44653,final
2026-03-11,1,2228,NG023,952.0,11.829832,14.819853,20.556723,29.544258,43.85714,42.471638,84.91401,73.98255,102.91859,final
2026-03-21,1,2228,NG023,952.0,27.19748,13.104482,45.3687,38.40823,69.056725,53.6924,177.8426,116.034904,126.177704,final
2026-04-01,1,2228,NG023,952.0,33.42857,31.563866,72.45589,59.4882,101.272064,83.782074,105.09985,120.10862,119.699905,final
2026-04-11,1,2228,NG023,952.0,38.43067,34.57822,99.05672,79.24657,138.19748,116.90182,109.73376,123.51449,117.46953,final
2026-04-21,1,2228,NG023,952.0,29.788866,35.06236,101.6481,101.204445,166.79411,149.82037,86.836784,100.41773,110.9635,final
2026-05-01,1,2228,NG023,952.0,48.737396,59.0472,116.95693,128.68777,207.07143,206.52402,83.90281,91.2252,100.25879,final
2026-05-11,1,2228,NG023,952.0,40.507355,52.34923,119.033615,146.45879,238.64706,255.24962,79.35129,81.892654,93.62052,final
2026-05-21,1,2228,NG023,952.0,79.26155,59.221954,168.5063,170.61838,315.52313,310.23105,131.20364,98.79735,101.6788,final
2026-06-01,1,2228,NG023,952.0,73.08403,67.94923,192.85294,179.52042,382.26575,367.69638,107.03888,107.2255,103.90918,prelim
2026-06-11,1,2228,NG023,952.0,80.57563,56.49009,232.9212,183.66127,451.01154,409.36664,139.16978,126.11025,110.05025,prelim
2026-06-21,1,2228,NG023,952.0,49.17122,62.237534,202.83089,186.67686,472.9853,458.4997,80.56693,108.42774,103.12526,prelim
2026-07-01,1,2228,NG023,952.0,60.363445,65.15301,190.1103,183.88063,499.92014,492.08884,93.1727,103.29821,101.57543,prelim
